TEAM,CONF,G,W,ADJOE,ADJDE,BARTHAG,EFG_O,EFG_D,TOR,TORD,ORB,DRB,FTR,FTRD,2P_O,2P_D,3P_O,3P_D,ADJ_T,WAB,POSTSEASON,SEED,YEAR,POSTSEASON_WINS
North Carolina,ACC,40,33,123.3,94.9,0.9531,52.6,48.1,15.4,18.2,40.7,30.0,32.3,30.4,53.9,44.6,32.7,36.2,71.7,8.6,2ND,1,2016,5
Wisconsin,B10,40,36,129.1,93.6,0.9758,54.8,47.7,12.4,15.8,32.1,23.7,36.2,22.4,54.8,44.7,36.5,37.5,59.3,11.3,2ND,1,2015,5
Michigan,B10,40,33,114.4,90.4,0.9375,53.9,47.7,14.0,19.5,25.5,24.9,30.7,30.0,54.7,46.8,35.2,33.2,65.9,6.9,2ND,3,2018,5
Texas Tech,B12,38,31,115.2,85.2,0.9696,53.5,43.0,17.7,22.8,27.4,28.7,32.9,36.6,52.8,41.9,36.5,29.7,67.5,7.0,2ND,3,2019,5
Gonzaga,WCC,39,37,117.8,86.3,0.9728,56.6,41.1,16.2,17.1,30.0,26.2,39.0,26.9,56.3,40.0,38.2,29.0,71.5,7.7,2ND,1,2017,5
Kentucky,SEC,40,29,117.2,96.2,0.9062,49.9,46.0,18.1,16.1,42.0,29.7,51.8,36.8,50.0,44.9,33.2,32.2,65.9,3.9,2ND,8,2014,5
Michigan,B10,38,30,121.5,93.7,0.9522,54.6,48.0,14.6,18.7,32.5,29.4,28.4,22.7,53.4,47.6,37.9,32.6,64.8,6.2,2ND,4,2013,5
Duke,ACC,39,35,125.2,90.6,0.9764,56.6,46.5,16.3,18.6,35.8,30.2,39.8,23.9,55.9,46.3,38.7,31.4,66.4,10.7,Champions,1,2015,6
Virginia,ACC,38,35,123.0,89.9,0.9736,55.2,44.7,14.7,17.5,30.4,25.4,29.1,26.3,52.5,45.7,39.5,28.9,60.7,11.1,Champions,1,2019,6
North Carolina,ACC,39,33,121.0,91.5,0.9615,51.7,48.1,16.2,18.6,41.3,25.0,34.3,31.6,51.0,46.3,35.5,33.9,72.8,8.4,Champions,1,2017,6
Villanova,BE,40,35,123.1,90.9,0.9703,56.1,46.7,16.3,20.6,28.2,29.4,34.1,30.0,57.4,44.1,36.2,33.9,66.7,8.9,Champions,2,2016,6
Villanova,BE,40,36,128.4,94.1,0.9725,59.5,48.5,15.0,18.2,29.6,27.1,29.4,26.7,59.0,49.0,40.1,31.7,69.6,10.6,Champions,1,2018,6
Connecticut,Amer,40,32,112.5,91.3,0.9171,51.5,44.6,17.3,19.6,30.4,32.8,38.3,35.7,48.1,42.2,38.7,33.0,64.8,4.7,Champions,7,2014,6
Louisville,BE,40,35,115.9,84.5,0.9743,50.6,44.8,18.3,27.0,38.2,33.3,40.0,34.9,50.8,43.4,33.3,31.8,67.1,9.0,Champions,1,2013,6
Louisville,ACC,36,27,109.4,87.4,0.929,47.7,44.0,17.2,21.3,34.7,30.8,38.7,33.3,48.4,43.3,30.7,30.3,65.6,5.8,E8,4,2015,3
Notre Dame,ACC,38,32,125.3,98.6,0.9401,58.3,47.9,14.5,17.3,27.9,32.2,36.7,24.1,58.2,47.4,39.0,32.6,63.9,8.6,E8,3,2015,3
Notre Dame,ACC,36,24,118.3,103.3,0.8269,54.0,49.5,15.3,14.8,32.7,32.1,32.9,26.0,52.9,46.5,37.4,36.9,65.5,2.3,E8,6,2016,3
Virginia,ACC,37,29,119.9,91.0,0.96,54.8,48.4,15.1,18.8,29.9,25.2,32.1,33.4,52.6,46.3,40.3,34.7,61.9,8.6,E8,1,2016,3
Duke,ACC,37,29,122.3,92.9,0.9592,55.9,46.4,17.5,17.3,38.8,30.0,34.6,22.3,56.0,45.4,37.2,32.0,70.9,6.6,E8,2,2018,3
Florida St.,ACC,35,23,113.2,96.4,0.8631,53.2,48.4,17.8,19.4,32.3,29.8,37.0,32.4,53.6,45.4,35.0,35.5,72.5,0.9,E8,9,2018,3
Duke,ACC,38,32,118.9,89.2,0.9646,53.6,45.0,17.5,19.4,35.6,29.5,33.2,24.0,58.0,45.0,30.8,29.9,73.6,11.2,E8,1,2019,3
Purdue,B10,36,26,122.8,94.3,0.9539,53.6,49.0,15.8,18.6,34.5,27.0,29.9,31.7,51.5,47.2,37.4,34.2,67.0,6.1,E8,3,2019,3
Kansas,B12,37,32,120.9,90.4,0.9662,55.7,45.1,17.8,18.5,32.2,27.9,38.6,37.3,52.7,43.4,41.3,32.5,70.1,11.6,E8,1,2016,3
Kansas,B12,36,31,121.5,94.5,0.9472,56.1,48.1,17.6,18.6,34.1,29.7,36.0,30.0,53.6,45.3,40.4,35.6,71.4,11.0,E8,1,2017,3
Kansas St.,B12,37,25,109.6,93.7,0.8584,52.6,49.1,17.2,21.6,25.9,31.9,33.8,36.8,53.4,48.9,34.1,33.0,66.5,2.5,E8,9,2018,3
Texas Tech,B12,37,27,112.7,91.5,0.917,52.0,46.4,17.8,21.7,32.9,28.7,39.3,38.0,51.1,45.1,35.9,32.3,67.6,4.7,E8,3,2018,3
Xavier,BE,38,24,115.6,97.9,0.8713,51.9,51.6,18.4,17.5,34.5,25.5,41.1,33.4,52.0,52.5,34.5,33.4,68.4,1.6,E8,11,2017,3
Arizona,P12,38,34,117.5,86.9,0.97,53.5,45.1,16.5,20.6,34.5,22.4,47.1,37.3,53.3,42.7,36.0,33.5,66.7,9.0,E8,2,2015,3
Oregon,P12,37,30,118.4,96.2,0.9163,52.3,48.9,16.1,20.2,34.1,30.5,40.3,32.0,52.6,46.1,34.4,36.2,69.0,6.7,E8,1,2016,3
Florida,SEC,36,27,116.6,88.9,0.9576,51.6,45.8,16.9,21.0,32.1,29.5,40.2,34.0,50.3,45.7,35.9,30.5,70.2,6.4,E8,4,2017,3
Kentucky,SEC,38,32,118.3,91.3,0.9517,52.9,47.5,15.7,19.2,33.5,27.7,40.9,33.5,52.9,48.3,35.3,30.6,73.7,9.0,E8,2,2017,3
Kentucky,SEC,37,30,117.5,89.8,0.9568,53.0,46.6,18.6,17.9,36.8,25.5,41.9,26.8,52.9,43.6,35.4,34.3,66.9,8.8,E8,2,2019,3
Gonzaga,WCC,37,34,120.2,93.1,0.9498,57.9,44.2,16.1,17.1,33.9,28.0,38.7,30.5,57.0,42.0,40.0,33.0,65.2,7.8,E8,2,2015,3
Gonzaga,WCC,37,33,123.4,89.9,0.9744,59.0,44.2,14.9,19.0,31.5,26.8,35.3,25.9,61.4,43.4,36.3,30.4,72.0,7.0,E8,1,2019,3
Arizona,P12,38,33,116.2,87.4,0.9636,51.7,42.3,15.7,19.1,36.4,27.3,41.0,34.2,50.7,40.2,36.4,32.0,64.3,9.4,E8,1,2014,3
Michigan,B10,37,28,125.0,99.9,0.9295,55.7,49.4,14.8,17.1,29.4,30.5,34.9,26.7,52.7,50.2,40.2,31.8,62.6,7.7,E8,2,2014,3
Michigan St.,B10,38,29,119.6,95.3,0.9319,54.5,45.8,17.4,17.7,32.9,27.5,33.7,40.3,52.1,43.5,39.2,33.2,66.2,6.9,E8,4,2014,3
Dayton,A10,37,26,113.0,99.1,0.8188,52.4,48.8,18.1,18.8,33.9,28.8,40.6,43.0,50.4,48.3,37.7,33.2,65.4,0.6,E8,11,2014,3
Ohio St.,B10,37,29,113.6,89.4,0.9406,50.6,45.4,16.2,20.7,31.8,28.2,35.5,29.5,49.4,43.6,35.6,32.4,65.3,7.2,E8,2,2013,3
Duke,ACC,36,30,118.4,91.5,0.9507,53.9,45.5,15.6,20.4,28.8,32.3,39.2,32.7,50.8,46.2,39.9,29.0,67.8,7.5,E8,2,2013,3
Marquette,BE,35,26,113.0,93.2,0.902,49.6,46.2,20.9,19.5,38.4,33.1,40.9,31.7,51.6,44.9,29.6,32.3,64.6,4.5,E8,3,2013,3
Florida,SEC,37,29,115.7,85.7,0.9694,55.2,43.3,17.8,22.5,34.2,28.4,31.0,29.9,54.3,41.8,37.8,31.0,62.8,4.1,E8,3,2013,3
Syracuse,ACC,37,23,111.9,93.6,0.8857,50.0,47.3,18.1,20.4,33.5,35.3,35.4,28.0,47.2,48.1,36.0,30.7,65.5,-0.3,F4,10,2016,4
Michigan St.,B10,39,27,116.3,92.6,0.9327,53.2,44.9,17.5,16.5,33.5,27.0,32.7,39.0,50.8,43.8,38.5,31.5,63.9,3.0,F4,7,2015,4
Michigan St.,B10,39,32,119.9,91.0,0.9597,55.2,43.9,18.5,14.9,33.9,26.4,33.6,27.5,54.3,41.9,37.8,31.6,68.6,10.7,F4,2,2019,4
Oklahoma,B12,37,29,118.2,94.1,0.9326,54.3,47.2,18.3,17.7,31.2,30.5,33.0,28.3,48.2,45.3,42.2,33.7,70.8,8.0,F4,2,2016,4
Kansas,B12,39,31,122.1,96.4,0.9385,57.5,49.1,16.6,18.2,29.4,31.2,27.0,24.6,55.6,48.6,40.1,33.3,69.9,8.2,F4,1,2018,4
Loyola Chicago,MVC,37,32,110.5,95.4,0.8444,57.7,47.4,19.1,19.4,22.1,25.9,32.2,25.2,56.6,47.1,39.8,32.0,66.4,2.0,F4,11,2018,4
Oregon,P12,38,33,117.8,93.8,0.9321,55.5,46.4,17.1,19.3,32.4,29.5,34.4,26.3,54.5,46.1,38.0,31.2,68.4,6.0,F4,3,2017,4
Kentucky,SEC,39,38,120.3,84.0,0.9842,51.5,39.6,16.3,21.3,39.5,31.8,43.9,31.7,51.2,39.1,34.9,27.1,63.5,13.1,F4,1,2015,4
South Carolina,SEC,36,26,108.7,89.0,0.9083,47.3,45.5,18.4,24.3,34.0,31.6,40.2,44.5,45.9,45.4,33.4,30.6,69.6,1.7,F4,7,2017,4
Auburn,SEC,39,30,121.3,95.2,0.942,54.4,51.7,16.8,24.6,31.6,32.8,30.9,36.4,51.7,51.4,38.1,34.8,69.3,6.1,F4,5,2019,4
Florida,SEC,39,36,115.9,88.4,0.9575,52.2,45.4,17.5,21.3,35.3,28.0,42.4,31.2,51.3,43.5,35.9,33.0,63.1,11.7,F4,1,2014,4
Wisconsin,B10,38,30,122.7,95.9,0.9441,53.3,47.2,12.7,15.3,28.1,27.4,42.7,27.1,51.3,45.9,37.6,34.1,63.9,7.9,F4,2,2014,4
Syracuse,BE,40,30,113.0,87.0,0.9533,49.0,42.6,18.9,23.6,38.8,34.5,36.8,35.4,48.5,42.6,33.4,28.4,65.4,5.1,F4,4,2013,4
Wichita St.,MVC,39,30,110.6,91.0,0.9045,50.0,45.3,19.4,20.0,38.0,26.5,36.5,38.3,49.6,43.6,33.9,32.2,65.0,2.2,F4,9,2013,4
Dayton,A10,36,27,107.0,94.5,0.8059,52.9,47.3,17.9,21.1,23.3,28.4,48.1,30.6,52.6,46.5,35.6,32.5,63.8,0.8,R32,11,2015,1
Saint Joseph's,A10,36,28,114.2,97.6,0.86,51.2,48.1,14.3,16.1,28.3,25.8,37.4,25.0,52.3,49.2,32.7,31.1,70.9,3.4,R32,8,2016,1
VCU,A10,36,25,112.1,94.2,0.8811,51.0,49.2,16.3,21.4,33.2,27.7,32.2,36.8,50.1,48.6,35.2,33.7,70.3,-0.1,R32,10,2016,1
Rhode Island,A10,35,25,111.1,94.1,0.8717,50.8,45.0,16.4,19.4,32.8,29.7,39.2,45.0,51.2,45.4,33.3,29.5,67.7,0.4,R32,11,2017,1
Rhode Island,A10,34,26,109.7,97.3,0.7988,51.1,50.4,15.3,22.6,31.0,28.2,30.1,40.6,50.4,50.6,35.2,33.2,69.6,1.6,R32,7,2018,1
Virginia,ACC,34,30,112.1,84.1,0.9648,50.6,42.3,15.7,17.9,34.3,24.2,34.9,28.6,49.7,40.1,35.2,30.8,58.4,10.0,R32,2,2015,1
Duke,ACC,37,28,122.1,95.6,0.9436,54.8,47.4,16.3,17.3,31.7,29.8,39.3,31.2,53.5,48.9,37.9,29.3,69.7,8.6,R32,2,2017,1
Florida St.,ACC,35,26,115.4,95.2,0.9014,53.7,47.9,16.4,19.5,33.8,29.8,38.4,37.3,54.4,45.4,34.7,34.9,72.8,5.9,R32,3,2017,1
Louisville,ACC,34,25,117.6,91.5,0.9469,51.4,45.7,16.0,19.6,36.7,28.5,34.0,38.8,50.5,44.8,35.5,31.6,69.4,6.9,R32,2,2017,1
Notre Dame,ACC,36,26,119.3,96.4,0.9205,53.6,49.1,14.0,18.7,27.3,30.8,28.6,26.7,50.9,48.2,38.4,33.8,68.3,5.9,R32,5,2017,1
Virginia,ACC,34,23,111.8,86.9,0.9477,52.4,46.1,15.6,20.7,28.3,24.5,26.0,33.8,49.7,45.1,38.5,31.7,60.3,5.0,R32,5,2017,1
North Carolina,ACC,37,26,120.7,97.1,0.9242,52.0,50.1,16.7,16.3,37.4,25.5,28.0,26.0,51.0,45.3,35.9,38.0,72.6,7.1,R32,2,2018,1
UMBC,AE,33,25,102.1,102.2,0.4963,52.2,51.6,17.2,20.7,25.9,28.3,30.2,30.8,48.1,51.0,38.2,35.0,69.3,-4.9,R32,16,2018,1
Cincinnati,Amer,34,23,106.5,92.3,0.838,49.5,44.1,21.0,19.9,37.3,32.3,37.1,26.1,49.6,42.2,32.9,31.9,60.3,-1.3,R32,8,2015,1
Connecticut,Amer,36,25,110.5,93.4,0.8732,51.5,44.5,16.3,18.2,28.6,29.1,29.6,35.4,49.9,42.0,36.5,32.6,66.9,1.2,R32,9,2016,1
Cincinnati,Amer,36,30,115.2,92.1,0.9292,52.0,45.2,15.3,20.2,35.5,29.4,32.5,29.1,52.1,41.4,34.5,34.4,65.4,5.6,R32,6,2017,1
Cincinnati,Amer,36,31,111.6,87.7,0.9417,51.2,43.3,17.0,21.6,38.5,28.2,36.0,26.8,50.2,41.4,35.3,30.9,66.2,5.9,R32,2,2018,1
Houston,Amer,35,27,114.8,93.9,0.9097,53.3,45.5,17.5,19.1,33.8,25.8,32.6,41.6,50.5,43.8,38.7,32.3,69.4,2.4,R32,6,2018,1
UCF,Amer,33,24,112.7,93.3,0.898,52.9,45.4,17.6,18.0,29.5,29.6,45.3,29.2,52.0,44.5,36.5,31.3,66.4,2.0,R32,9,2019,1
Iowa,B10,34,22,114.0,92.0,0.9211,48.1,45.6,17.1,18.9,35.6,30.3,38.0,29.1,47.3,43.7,33.3,32.6,64.6,2.1,R32,7,2015,1
Maryland,B10,35,28,110.2,94.0,0.8619,51.2,45.5,18.9,17.2,28.9,30.5,44.5,28.1,48.0,44.1,37.6,31.8,64.5,6.9,R32,4,2015,1
Ohio St.,B10,35,24,113.9,93.1,0.9104,54.2,46.4,17.0,21.6,33.5,32.0,34.7,27.8,53.6,45.2,37.0,32.2,66.3,2.5,R32,10,2015,1
Iowa,B10,33,22,114.4,95.8,0.8853,51.3,48.0,14.8,18.8,31.9,31.3,33.0,25.0,48.7,48.7,37.4,31.3,69.8,2.0,R32,7,2016,1
Michigan St.,B10,35,20,111.6,94.9,0.8661,54.0,46.7,20.5,15.9,29.2,27.3,33.5,34.7,52.9,44.1,37.3,34.6,68.1,0.4,R32,9,2017,1
Northwestern,B10,36,24,111.2,95.2,0.8564,49.7,46.1,16.0,17.9,30.8,30.6,30.5,36.1,48.8,44.0,34.2,33.3,66.9,2.0,R32,8,2017,1
Michigan St.,B10,35,30,118.9,94.3,0.9347,56.9,42.7,19.2,14.6,37.0,26.6,35.9,30.7,55.2,38.4,40.1,33.7,68.0,8.0,R32,3,2018,1
Ohio St.,B10,34,25,116.0,94.3,0.9154,54.1,48.7,17.1,17.9,30.2,25.2,31.1,29.5,54.7,46.1,35.3,35.1,68.2,4.5,R32,5,2018,1
Iowa,B10,35,23,116.1,100.6,0.8385,52.7,51.5,17.2,18.4,29.8,29.4,42.3,28.8,51.4,53.5,36.4,32.4,70.9,3.2,R32,10,2019,1
Maryland,B10,34,23,111.6,93.3,0.8875,51.4,45.9,19.4,14.1,34.1,24.8,32.8,26.6,50.8,44.7,34.9,31.9,67.7,4.2,R32,6,2019,1
Minnesota,B10,36,22,110.4,96.3,0.8284,48.2,49.5,17.1,16.9,31.4,28.4,41.6,28.2,48.5,48.7,31.7,34.0,68.8,2.7,R32,10,2019,1
Ohio St.,B10,35,20,107.8,93.8,0.8329,50.3,48.3,18.7,18.2,27.6,25.9,33.7,31.8,49.7,47.9,34.1,32.7,67.2,0.9,R32,11,2019,1
Kansas,B12,36,27,113.6,90.6,0.9308,49.4,44.6,19.2,17.5,34.9,31.6,42.6,33.8,46.4,43.4,37.9,31.5,67.2,9.0,R32,2,2015,1
Iowa St.,B12,35,24,120.0,96.2,0.9265,55.0,49.0,14.1,19.5,25.7,31.6,27.6,25.6,51.8,47.5,40.0,34.6,69.6,6.5,R32,5,2017,1
Baylor,B12,34,20,114.6,99.2,0.84,51.2,49.1,19.7,18.6,37.9,29.4,32.3,36.5,51.2,47.5,34.1,34.5,66.6,0.9,R32,9,2019,1
Kansas,B12,36,26,112.9,92.4,0.9092,52.6,47.8,18.8,18.2,30.1,27.9,32.5,27.8,52.6,46.0,35.0,33.6,71.5,8.3,R32,4,2019,1
Oklahoma,B12,34,20,110.5,93.1,0.878,50.4,47.5,17.0,17.3,25.8,27.8,31.3,23.1,49.7,45.8,34.6,33.3,70.3,2.5,R32,9,2019,1
Butler,BE,34,23,108.5,88.6,0.9115,48.4,46.7,17.0,19.5,34.7,25.3,40.8,33.4,46.3,47.1,35.6,30.7,63.9,3.5,R32,6,2015,1
Georgetown,BE,33,22,112.6,93.5,0.8945,51.3,47.1,19.2,20.2,34.3,31.0,43.9,44.1,50.5,43.1,35.3,36.2,64.6,3.7,R32,4,2015,1
Villanova,BE,36,33,121.9,91.1,0.9663,55.3,45.5,16.3,21.6,32.5,31.2,41.8,30.4,53.0,45.3,38.9,30.5,64.7,11.3,R32,1,2015,1
Butler,BE,33,22,118.2,98.6,0.8899,52.6,49.7,14.5,18.6,32.2,27.5,39.3,35.8,49.9,49.1,39.3,33.8,69.2,2.0,R32,9,2016,1
Providence,BE,35,24,108.7,95.4,0.8193,48.0,49.3,16.1,20.6,30.4,30.3,37.3,28.0,48.0,49.8,32.1,32.3,69.3,3.4,R32,9,2016,1
Xavier,BE,34,28,117.0,94.3,0.9229,51.4,47.8,17.4,19.3,35.2,26.0,41.7,33.6,49.8,48.6,36.3,31.1,72.4,7.7,R32,2,2016,1
Villanova,BE,36,32,122.2,92.5,0.9611,57.5,48.1,17.1,20.1,30.2,27.8,35.0,22.1,59.2,49.1,36.9,31.1,65.6,11.1,R32,1,2017,1
Butler,BE,35,21,116.1,95.3,0.9068,54.0,51.9,15.7,19.5,27.6,24.6,26.1,35.3,54.3,49.5,35.7,37.3,69.1,1.7,R32,10,2018,1
Seton Hall,BE,34,22,117.8,98.2,0.8902,52.9,50.3,17.8,17.7,34.3,28.4,35.2,29.8,52.0,50.0,36.5,33.8,70.7,2.5,R32,8,2018,1
Xavier,BE,35,29,120.9,97.7,0.9211,55.9,49.9,17.2,15.7,30.2,23.1,41.0,25.6,55.9,49.8,37.2,33.4,71.7,8.8,R32,1,2018,1
Villanova,BE,36,26,114.6,98.9,0.8448,53.2,50.4,16.9,18.0,30.3,27.7,34.4,28.2,53.7,49.7,35.2,34.3,65.1,3.6,R32,6,2019,1
Liberty,BSth,33,29,109.2,99.6,0.7428,55.9,48.9,17.2,20.5,25.2,26.4,26.7,32.7,56.4,48.3,36.8,33.3,63.5,-0.6,R32,12,2019,1
Hawaii,BW,32,26,106.9,95.0,0.7945,51.9,44.9,18.1,19.8,30.4,26.4,45.4,40.2,54.1,44.8,32.2,30.0,71.4,0.8,R32,13,2016,1
UC Irvine,BW,36,31,107.2,97.6,0.7458,51.3,44.1,17.5,16.7,33.7,27.0,28.7,33.0,50.1,40.7,35.9,33.9,66.6,0.7,R32,13,2019,1
UAB,CUSA,35,19,102.7,100.1,0.5721,47.6,47.6,20.1,19.7,34.2,33.1,35.7,33.6,46.6,47.4,33.2,31.9,65.3,-7.5,R32,14,2015,1
Middle Tennessee,CUSA,33,23,103.9,99.5,0.6224,51.7,49.4,17.1,19.4,28.7,25.7,34.9,42.4,47.8,48.0,39.2,34.7,68.5,-3.2,R32,15,2016,1
Middle Tennessee,CUSA,35,31,111.2,96.6,0.8339,54.1,47.9,15.6,19.8,30.1,23.8,30.0,38.2,53.6,47.1,36.9,32.8,65.8,2.0,R32,12,2017,1
Marshall,CUSA,35,25,108.8,102.5,0.6633,54.7,49.9,17.2,18.4,22.4,32.3,33.1,28.9,55.5,48.7,35.9,35.0,75.9,-2.5,R32,13,2018,1
Yale,Ivy,29,22,109.1,95.6,0.8209,52.2,46.7,19.9,17.8,39.3,24.3,41.7,33.3,51.4,45.5,36.0,32.7,66.8,-0.1,R32,12,2016,1
Buffalo,MAC,35,27,114.5,102.7,0.7761,54.8,48.8,16.5,18.1,31.9,29.1,29.9,39.5,54.3,48.4,37.1,33.1,73.8,-1.3,R32,13,2018,1
Buffalo,MAC,35,32,113.6,95.3,0.8819,53.4,47.3,16.0,20.3,31.7,26.9,32.7,31.9,55.7,49.3,33.7,29.3,74.9,5.5,R32,6,2019,1
Northern Iowa,MVC,35,31,115.4,93.0,0.9228,55.9,45.6,17.8,19.2,27.0,26.9,39.8,27.0,53.3,44.0,39.8,32.1,58.5,5.3,R32,5,2015,1
Northern Iowa,MVC,35,22,109.7,96.7,0.8109,53.2,48.7,15.2,18.5,17.7,27.4,34.1,24.8,51.3,48.9,37.2,32.4,63.7,-2.1,R32,11,2016,1
Wichita St.,MVC,34,25,110.3,87.8,0.9321,48.9,44.7,14.7,23.2,31.7,23.6,37.4,45.4,49.2,42.1,32.3,32.7,66.8,0.2,R32,11,2016,1
Wichita St.,MVC,35,31,117.2,92.2,0.9403,54.2,43.8,16.2,19.3,34.2,24.2,40.4,35.1,50.7,42.0,40.2,31.2,70.0,4.1,R32,10,2017,1
San Diego St.,MWC,35,26,103.1,87.5,0.8691,46.6,43.5,18.6,21.1,35.7,29.7,36.2,25.7,45.9,42.3,32.0,30.6,61.2,1.3,R32,8,2015,1
Murray St.,OVC,31,28,110.4,98.6,0.7852,54.8,46.5,17.2,19.4,32.0,30.7,33.5,27.4,56.2,48.3,34.9,28.9,70.2,1.2,R32,12,2019,1
Oregon,P12,35,25,114.3,99.1,0.8379,52.3,48.0,16.9,16.7,30.2,31.5,29.1,35.4,50.8,47.1,36.9,33.2,66.9,3.0,R32,8,2015,1
Utah,P12,35,26,115.8,97.3,0.8807,55.1,48.0,18.2,15.3,29.2,27.8,37.9,23.0,55.5,44.5,36.3,37.1,66.9,5.6,R32,3,2016,1
USC,P12,36,26,113.3,100.6,0.7966,52.2,50.1,15.7,17.9,31.0,31.4,36.8,24.0,51.0,47.2,36.2,36.8,70.1,1.3,R32,11,2017,1
Washington,P12,36,27,105.6,93.1,0.8097,52.1,47.5,19.8,24.2,29.1,34.9,34.7,34.0,51.9,46.0,35.0,33.4,67.3,3.1,R32,9,2019,1
Georgia St.,SB,34,24,109.5,98.0,0.7802,52.0,45.8,16.3,23.2,30.0,34.8,37.7,39.8,53.4,43.1,32.2,33.1,63.2,-3.0,R32,14,2015,1
Arkansas Little Rock,SB,33,28,107.6,96.7,0.7732,51.9,45.9,15.6,21.0,26.7,29.5,31.5,38.3,48.9,45.7,38.2,30.9,63.8,2.1,R32,12,2016,1
Wofford,SC,32,30,116.4,97.1,0.8892,57.5,49.9,16.1,19.1,31.8,25.2,27.8,31.8,53.9,50.6,41.4,32.6,67.1,4.0,R32,7,2019,1
Arkansas,SEC,36,27,113.2,96.0,0.8696,50.0,48.3,16.9,22.3,35.7,34.6,37.3,38.8,48.8,46.2,34.9,35.2,69.9,3.9,R32,5,2015,1
Kentucky,SEC,36,27,123.2,95.1,0.9517,53.5,44.5,16.2,18.0,37.5,31.9,37.8,40.8,52.9,42.7,36.6,32.6,68.2,5.0,R32,4,2016,1
Arkansas,SEC,36,26,114.9,99.8,0.8339,51.4,47.8,16.6,18.5,31.9,34.2,38.1,39.1,50.0,46.7,36.5,33.2,71.0,3.9,R32,8,2017,1
Alabama,SEC,36,20,107.9,95.3,0.8074,51.9,47.8,20.3,18.7,29.4,30.9,41.9,36.5,53.5,46.9,32.6,32.8,69.9,-1.1,R32,9,2018,1
Auburn,SEC,34,26,114.0,96.9,0.8672,50.8,49.7,16.4,20.7,32.1,28.0,39.8,38.1,48.7,47.7,35.7,35.1,73.8,4.3,R32,4,2018,1
Florida,SEC,34,21,115.2,93.9,0.9132,50.8,48.7,14.3,20.0,28.7,30.5,32.6,32.4,47.6,46.6,37.0,35.2,68.5,1.4,R32,6,2018,1
Tennessee,SEC,35,26,114.2,92.0,0.9225,50.8,46.7,17.9,20.4,33.4,31.1,35.5,37.6,47.3,46.1,38.0,31.8,67.1,6.4,R32,3,2018,1
Florida,SEC,36,20,110.3,91.6,0.8947,49.8,48.1,17.9,22.4,30.6,32.2,29.9,33.6,49.5,48.5,33.4,31.6,64.3,0.7,R32,10,2019,1
Stephen F. Austin,Slnd,30,24,110.3,96.5,0.8235,54.8,49.5,17.7,25.9,33.5,30.7,34.3,40.2,54.5,49.7,36.9,32.8,68.2,-1.2,R32,14,2016,1
Saint Mary's,WCC,34,29,118.0,93.8,0.9334,57.8,45.3,17.5,15.3,33.1,21.9,27.8,26.6,56.9,45.4,39.4,30.0,61.2,3.9,R32,7,2017,1
Wichita St.,MVC,35,34,116.4,93.0,0.9295,52.4,44.7,16.2,18.2,35.0,26.2,46.9,35.7,52.3,43.6,35.0,31.1,65.1,8.1,R32,1,2014,1
Kansas,B12,35,25,119.2,95.6,0.927,54.2,47.1,19.1,16.4,37.3,28.8,48.3,45.5,55.5,44.3,34.0,35.5,68.2,6.9,R32,2,2014,1
Villanova,BE,34,29,115.2,92.5,0.926,53.6,46.3,17.3,20.0,32.6,28.7,44.5,38.6,53.8,43.0,35.6,35.3,67.6,8.3,R32,2,2014,1
Creighton,BE,35,27,125.2,101.9,0.9144,58.9,48.5,15.0,14.8,27.7,27.8,33.9,33.0,56.3,47.0,41.4,34.2,65.4,5.6,R32,3,2014,1
Syracuse,ACC,34,28,114.2,92.8,0.9156,48.2,48.0,14.8,21.9,38.1,31.5,38.2,36.7,47.7,45.5,33.1,34.5,61.5,7.9,R32,3,2014,1
Saint Louis,A10,33,26,104.9,90.4,0.8477,49.6,44.4,18.6,21.0,28.8,29.0,40.3,35.6,50.5,44.4,31.7,29.6,67.5,3.8,R32,5,2014,1
North Carolina,ACC,34,24,113.4,94.7,0.8883,49.9,47.0,16.9,19.3,38.1,31.3,42.9,41.4,49.7,46.7,33.6,31.7,70.8,4.2,R32,6,2014,1
Oregon,P12,34,24,118.1,100.0,0.872,53.5,49.1,16.1,18.9,32.2,31.9,43.8,47.8,51.0,49.4,38.9,32.4,69.3,2.6,R32,7,2014,1
Texas,B12,35,24,112.4,96.7,0.8507,47.4,46.5,17.5,16.3,39.6,30.2,43.4,41.0,46.9,42.9,32.7,35.2,68.7,3.6,R32,7,2014,1
Gonzaga,WCC,35,28,113.6,93.3,0.9064,55.2,44.6,17.4,17.4,30.6,29.5,41.2,38.6,53.6,43.3,39.0,31.8,66.5,4.0,R32,8,2014,1
Memphis,Amer,33,23,112.6,97.0,0.8479,51.9,48.4,18.6,20.3,35.8,33.3,39.5,33.8,52.7,49.2,33.0,31.0,69.5,2.8,R32,8,2014,1
Pittsburgh,ACC,36,26,117.1,94.0,0.9261,50.7,46.7,16.3,19.2,37.2,29.0,44.3,36.4,50.1,45.5,35.1,32.6,63.8,4.1,R32,9,2014,1
Harvard,Ivy,31,26,111.9,95.2,0.8641,52.1,46.2,17.6,21.1,32.3,29.3,48.4,36.3,49.7,44.9,38.6,32.7,65.5,2.2,R32,12,2014,1
North Dakota St.,Sum,30,23,113.9,103.0,0.7613,54.5,49.8,15.6,17.1,30.6,27.9,41.6,40.2,55.4,46.1,34.7,37.8,64.0,0.2,R32,12,2014,1
Stephen F. Austin,Slnd,33,30,112.0,101.6,0.7527,52.3,50.5,16.9,23.6,38.2,28.9,39.9,50.7,52.3,50.0,34.9,34.7,63.5,1.7,R32,12,2014,1
Mercer,ASun,33,24,109.6,101.8,0.6993,54.0,46.8,17.5,19.0,32.0,31.1,37.3,41.0,51.6,46.9,38.8,31.0,65.2,-2.8,R32,14,2014,1
Gonzaga,WCC,34,31,118.9,90.2,0.9599,54.9,44.9,17.2,20.8,37.8,29.8,40.8,29.9,55.0,42.1,36.5,32.9,65.1,7.6,R32,1,2013,1
Saint Louis,A10,35,28,108.0,87.5,0.9181,50.4,45.5,17.6,23.6,27.9,29.1,44.0,35.0,50.0,44.1,34.0,33.1,64.7,3.8,R32,4,2013,1
VCU,A10,36,27,113.8,92.1,0.9195,51.3,49.9,16.9,28.5,36.6,34.7,29.8,40.3,50.5,50.1,35.1,32.9,68.1,2.6,R32,5,2013,1
Butler,A10,35,26,109.2,93.0,0.8624,50.7,46.7,20.2,17.4,35.9,26.3,38.4,36.1,50.2,45.3,34.3,33.2,64.7,4.7,R32,6,2013,1
Memphis,CUSA,36,31,106.1,90.2,0.8672,52.4,45.5,20.7,22.1,35.6,31.1,37.2,34.9,51.1,43.8,37.2,33.0,69.3,4.5,R32,6,2013,1
San Diego St.,MWC,32,21,106.0,89.5,0.8752,48.5,44.7,18.1,18.2,31.8,27.9,35.3,28.9,48.3,43.3,32.7,31.8,66.8,0.4,R32,7,2013,1
Illinois,B10,34,21,109.8,92.7,0.8749,47.5,48.7,17.6,21.7,33.6,33.0,31.0,36.0,47.4,47.4,31.7,34.1,66.1,2.4,R32,7,2013,1
Creighton,MVC,36,28,116.4,95.0,0.9117,58.2,45.9,18.9,16.1,28.8,27.2,34.2,26.1,55.7,45.5,41.4,31.2,65.2,3.5,R32,7,2013,1
Colorado St.,MWC,33,24,116.6,98.4,0.8759,49.2,48.6,17.2,16.5,41.4,23.2,44.1,36.4,48.4,47.1,34.1,34.1,64.8,1.9,R32,8,2013,1
North Carolina,ACC,35,24,111.6,93.0,0.8902,49.3,48.0,17.2,21.5,34.6,31.6,28.2,27.1,46.3,46.3,37.2,34.4,71.4,2.5,R32,8,2013,1
Temple,A10,34,24,110.7,96.9,0.822,49.0,49.0,15.9,20.1,30.8,31.4,35.6,34.1,48.8,47.3,32.8,35.3,66.8,1.5,R32,9,2013,1
Iowa St.,B12,35,23,117.2,98.3,0.8828,53.8,48.0,18.5,18.6,34.2,28.5,33.0,32.7,51.9,48.8,37.4,31.1,69.6,0.7,R32,10,2013,1
Minnesota,B10,34,21,112.6,92.5,0.905,49.3,45.6,21.6,20.2,43.6,33.2,41.6,36.7,48.8,42.8,33.7,33.9,64.1,2.1,R32,11,2013,1
California,P12,33,21,105.4,92.3,0.8211,48.0,44.3,18.9,16.8,32.5,30.7,31.2,32.5,48.8,41.7,30.2,33.6,66.5,0.5,R32,12,2013,1
Mississippi,SEC,36,27,110.0,95.6,0.834,49.1,46.4,15.9,21.5,34.1,31.8,38.8,31.1,49.4,46.2,32.4,31.3,70.9,1.6,R32,12,2013,1
Harvard,Ivy,29,19,104.9,99.9,0.6362,54.3,49.2,20.8,20.9,25.6,31.4,49.6,31.2,51.5,48.9,39.8,33.3,64.7,-2.6,R32,14,2013,1
Davidson,A10,31,23,118.3,102.2,0.8435,55.4,49.3,14.1,17.0,29.6,30.4,28.5,34.6,53.1,51.4,38.7,30.0,67.2,1.7,R64,10,2015,0
VCU,A10,36,26,108.4,94.0,0.8373,48.7,49.5,15.7,23.5,31.8,30.6,37.3,37.8,46.9,48.3,34.3,34.5,67.2,3.0,R64,7,2015,0
Dayton,A10,33,25,105.5,92.6,0.8184,51.6,46.9,18.6,18.0,28.7,24.2,40.8,32.8,51.5,43.7,34.4,34.9,68.5,2.4,R64,7,2016,0
Dayton,A10,31,24,111.6,97.0,0.8333,53.6,47.7,16.9,20.9,25.6,27.4,43.4,35.2,51.0,47.2,38.4,32.3,69.6,1.5,R64,7,2017,0
VCU,A10,35,26,108.1,95.9,0.7988,51.0,47.5,17.8,21.0,31.3,27.5,36.4,40.9,51.5,46.0,33.1,33.8,70.1,1.3,R64,10,2017,0
Davidson,A10,33,21,117.0,102.3,0.823,57.4,51.2,14.5,16.2,22.6,23.4,24.6,29.6,56.5,50.3,38.9,35.0,65.5,-2.9,R64,12,2018,0
St. Bonaventure,A10,34,26,109.6,99.7,0.7485,51.6,49.0,16.3,20.4,29.3,29.1,40.5,38.4,48.5,49.7,38.6,32.0,70.4,1.4,R64,11,2018,0
Saint Louis,A10,36,23,101.3,95.7,0.6599,46.7,46.9,19.3,19.4,36.0,25.1,39.4,33.5,47.2,46.7,30.4,31.4,67.7,-3.2,R64,13,2019,0
VCU,A10,33,25,104.6,87.6,0.8838,50.1,43.5,20.0,23.4,31.0,30.6,35.7,36.6,53.1,43.8,30.5,28.5,69.7,1.1,R64,8,2019,0
Pittsburgh,ACC,32,20,113.9,96.9,0.8659,51.1,50.0,17.5,16.9,36.9,27.5,36.1,32.4,50.4,48.4,35.0,35.4,66.3,1.8,R64,10,2016,0
Miami FL,ACC,33,21,110.8,93.1,0.8804,51.0,47.6,19.5,18.3,33.4,28.2,34.3,28.7,49.8,46.6,35.6,33.0,64.6,2.9,R64,8,2017,0
Virginia Tech,ACC,33,22,118.4,102.5,0.8401,56.9,51.0,17.2,16.5,23.4,30.5,40.9,27.3,54.6,49.0,40.3,36.3,70.0,3.3,R64,9,2017,0
Miami FL,ACC,32,22,113.3,96.6,0.8623,53.1,49.0,16.8,18.8,29.1,28.2,29.1,28.1,52.2,48.8,36.4,32.8,68.2,2.7,R64,6,2018,0
North Carolina St.,ACC,33,21,115.6,101.3,0.821,53.4,51.6,16.8,20.4,33.4,32.0,34.2,33.7,52.1,53.6,37.2,31.6,72.8,0.9,R64,9,2018,0
Virginia,ACC,34,31,114.6,86.7,0.9612,52.7,44.3,14.0,20.9,27.0,25.6,24.5,26.2,50.1,42.8,38.3,31.0,60.5,11.3,R64,1,2018,0
Virginia Tech,ACC,33,21,115.2,98.6,0.8579,57.7,50.4,17.0,18.6,23.9,29.4,36.5,29.4,57.3,49.2,38.8,34.7,70.2,1.3,R64,8,2018,0
Louisville,ACC,34,20,112.9,93.1,0.9023,50.9,46.7,17.5,16.1,29.1,25.9,34.9,32.0,50.6,46.0,34.2,32.0,68.6,2.3,R64,7,2019,0
Syracuse,ACC,34,20,110.5,94.2,0.8622,49.6,48.1,18.5,23.1,30.2,33.4,36.8,34.3,49.3,46.9,33.3,32.9,67.3,0.4,R64,8,2019,0
Albany,AE,33,24,104.9,102.2,0.5749,49.9,49.6,18.8,20.1,32.6,26.0,39.0,30.4,47.9,46.2,35.8,36.2,61.3,-3.3,R64,14,2015,0
Stony Brook,AE,31,24,104.6,99.2,0.648,52.2,47.6,17.3,18.4,34.8,26.0,32.2,27.6,50.7,45.8,37.2,34.1,67.8,-1.1,R64,13,2016,0
Vermont,AE,34,29,110.0,98.2,0.7864,55.3,48.6,17.0,19.6,29.8,27.1,34.3,26.5,55.5,46.9,36.7,34.9,65.8,0.7,R64,13,2017,0
Vermont,AE,33,27,107.0,98.1,0.7324,52.6,48.7,16.8,19.1,27.3,22.2,35.9,27.5,51.6,46.3,35.9,35.1,66.7,-1.0,R64,13,2019,0
SMU,Amer,33,26,111.1,94.6,0.8635,52.1,45.7,19.5,20.3,36.6,29.2,43.8,31.2,51.3,42.9,36.3,32.7,63.6,3.1,R64,6,2015,0
Cincinnati,Amer,33,22,110.0,93.5,0.866,49.3,45.6,16.3,20.3,36.7,30.6,33.2,27.0,47.7,41.3,34.8,35.7,66.0,0.3,R64,9,2016,0
Temple,Amer,33,21,106.3,97.4,0.7318,47.0,46.4,13.8,16.2,29.1,29.7,26.6,28.7,44.9,46.3,33.7,31.2,66.5,-0.1,R64,10,2016,0
SMU,Amer,35,30,120.0,94.1,0.9426,54.6,46.0,16.9,18.3,37.2,26.4,36.0,24.6,51.0,44.1,40.6,32.1,64.8,6.4,R64,6,2017,0
Wichita St.,Amer,33,25,120.9,102.7,0.8671,55.1,49.4,16.5,16.3,35.4,22.6,34.8,33.2,53.8,46.0,38.1,36.3,70.1,3.4,R64,4,2018,0
Cincinnati,Amer,35,28,112.3,93.8,0.8871,49.0,48.6,16.0,20.9,37.4,29.3,37.6,30.5,47.6,45.1,34.5,35.5,65.0,5.8,R64,7,2019,0
Florida Gulf Coast,ASun,31,17,102.9,102.4,0.5136,51.5,47.7,17.2,15.9,31.7,27.5,37.3,35.3,51.5,48.3,34.2,31.2,68.0,-8.4,R64,16,2016,0
Florida Gulf Coast,ASun,31,26,107.8,103.4,0.6169,53.9,49.3,17.9,17.4,33.8,29.6,33.8,35.9,55.4,51.0,33.7,31.0,67.2,-1.7,R64,14,2017,0
Lipscomb,ASun,30,23,103.2,101.8,0.5375,51.5,52.0,20.0,19.9,27.4,24.3,40.6,38.4,53.2,52.8,32.7,33.8,75.9,-3.2,R64,15,2018,0
Indiana,B10,34,20,119.5,103.0,0.8473,54.4,50.3,17.2,15.9,35.3,31.5,32.7,32.8,50.2,50.9,40.6,32.5,67.2,-0.3,R64,10,2015,0
Purdue,B10,34,21,110.5,93.9,0.8654,50.3,45.4,19.9,17.6,36.5,30.9,41.7,38.4,50.9,42.3,32.7,35.1,65.0,1.0,R64,9,2015,0
Michigan,B10,35,22,113.4,99.4,0.82,54.5,51.4,14.5,17.9,24.8,26.4,27.8,27.0,52.6,51.1,38.0,34.7,66.3,0.8,R64,11,2016,0
Michigan St.,B10,35,29,122.5,96.0,0.9428,56.3,43.3,17.6,14.2,37.1,24.3,30.0,34.1,51.4,41.7,43.4,31.0,67.6,7.2,R64,2,2016,0
Purdue,B10,35,26,117.2,93.4,0.9316,53.6,44.3,17.7,13.7,35.0,23.4,35.4,28.1,52.8,42.9,36.7,31.4,68.9,4.4,R64,5,2016,0
Maryland,B10,32,24,113.4,97.9,0.8448,52.4,47.5,19.0,18.0,30.4,32.3,38.5,32.6,51.0,45.6,36.3,34.2,68.6,3.7,R64,6,2017,0
Minnesota,B10,34,24,109.3,92.9,0.8665,48.7,45.1,16.1,17.6,29.7,30.2,39.6,29.2,47.5,44.5,34.3,30.9,70.9,3.7,R64,5,2017,0
Wisconsin,B10,34,23,108.2,88.6,0.9089,51.1,45.2,14.6,17.2,24.5,26.5,27.3,25.8,49.7,44.1,35.9,31.5,65.0,6.3,R64,5,2019,0
Baylor,B12,33,23,116.3,92.7,0.9316,49.8,45.8,20.1,19.3,41.9,31.5,38.6,32.1,46.1,46.4,38.2,29.8,62.1,5.0,R64,3,2015,0
Iowa St.,B12,34,25,116.9,95.6,0.9103,54.3,47.6,15.8,18.5,28.3,29.6,36.5,24.0,54.3,45.2,36.2,34.7,69.8,7.0,R64,3,2015,0
Oklahoma St.,B12,31,17,110.7,95.4,0.8469,50.2,46.5,18.5,21.1,26.9,32.6,39.0,42.1,49.2,44.1,34.6,34.4,64.0,0.2,R64,9,2015,0
Texas,B12,34,20,110.3,90.7,0.9048,49.1,42.1,20.1,14.0,37.9,28.6,36.6,34.8,48.3,37.7,33.8,34.7,62.8,0.9,R64,11,2015,0
Baylor,B12,33,21,119.3,99.2,0.8924,51.6,51.2,18.6,19.8,40.0,28.8,38.6,38.6,49.8,49.1,37.4,36.9,67.4,3.5,R64,5,2016,0
Texas,B12,33,20,112.2,95.6,0.8627,49.4,47.7,15.4,18.5,30.7,32.0,39.5,38.4,48.5,45.8,34.1,34.5,66.3,3.2,R64,6,2016,0
Texas Tech,B12,32,19,113.1,98.9,0.8227,50.0,49.6,17.8,19.0,31.3,32.3,42.2,32.9,49.2,47.2,34.6,35.6,67.2,1.3,R64,8,2016,0
West Virginia,B12,35,26,114.8,90.4,0.9396,49.8,48.4,20.0,25.0,42.0,27.1,46.2,55.3,50.3,47.7,32.5,33.1,70.9,7.4,R64,3,2016,0
Kansas St.,B12,35,21,112.2,94.2,0.8818,52.7,49.6,19.1,22.1,29.5,32.3,41.1,33.4,51.8,45.5,36.2,38.2,67.2,1.7,R64,11,2017,0
Oklahoma St.,B12,32,20,126.8,102.3,0.9221,54.0,53.2,18.2,20.3,38.3,31.9,37.4,45.4,50.4,52.4,40.3,36.4,72.9,3.3,R64,10,2017,0
Oklahoma,B12,32,18,114.6,99.5,0.835,53.5,51.0,17.3,16.8,28.4,30.0,33.2,25.6,53.3,49.1,35.9,36.2,76.7,1.1,R64,10,2018,0
TCU,B12,33,21,119.5,100.5,0.8804,56.5,52.3,17.8,17.4,34.2,26.1,34.1,30.5,55.1,50.1,39.4,37.6,70.0,2.2,R64,6,2018,0
Texas,B12,34,19,109.3,93.7,0.8547,50.0,48.3,17.0,18.0,29.4,29.1,33.0,26.2,51.2,47.5,32.0,33.2,66.6,1.4,R64,10,2018,0
Iowa St.,B12,35,23,118.4,96.6,0.912,54.7,48.4,16.3,18.8,28.3,30.1,30.0,23.6,55.0,47.1,36.2,33.6,69.1,4.3,R64,6,2019,0
Kansas St.,B12,34,25,108.0,87.8,0.9151,49.4,48.2,17.4,22.8,28.3,25.7,30.6,30.7,48.9,49.0,33.4,31.4,64.9,6.5,R64,4,2019,0
Providence,BE,34,22,111.6,93.7,0.8821,48.4,48.2,18.1,19.7,35.2,29.0,40.7,39.3,48.9,47.1,31.3,33.3,65.7,3.7,R64,6,2015,0
St. John's,BE,32,20,110.6,94.7,0.8569,49.3,46.4,15.7,19.5,27.6,35.4,35.7,33.3,48.2,44.9,34.5,32.6,67.0,2.3,R64,9,2015,0
Seton Hall,BE,34,25,110.8,91.4,0.9014,49.8,45.4,19.4,19.5,34.7,30.8,40.4,33.8,48.8,44.3,34.7,31.7,70.4,5.3,R64,6,2016,0
Creighton,BE,34,25,114.5,95.2,0.8931,57.6,49.9,17.1,19.3,24.2,29.6,27.9,29.3,56.4,50.2,39.8,33.0,72.7,4.3,R64,6,2017,0
Marquette,BE,32,19,121.8,101.8,0.8881,57.5,52.2,17.3,18.3,27.1,29.2,31.0,35.7,52.7,50.6,42.9,36.8,71.5,0.6,R64,10,2017,0
Seton Hall,BE,33,21,108.9,95.6,0.8178,49.9,49.0,19.5,17.5,35.7,25.4,37.6,36.1,49.6,48.0,33.8,34.1,68.9,2.7,R64,9,2017,0
Creighton,BE,32,21,116.2,97.4,0.8836,57.4,50.1,15.6,15.8,22.5,24.6,26.5,24.8,58.7,50.0,37.2,33.6,72.3,2.0,R64,8,2018,0
Providence,BE,35,21,108.4,95.9,0.8027,49.6,50.3,17.4,19.0,28.9,29.0,38.6,31.8,49.5,51.5,33.2,32.2,68.3,1.9,R64,10,2018,0
Marquette,BE,34,24,111.7,95.9,0.8524,53.5,46.3,19.4,16.6,29.4,26.1,35.1,35.9,50.0,45.1,38.8,32.4,70.5,2.7,R64,5,2019,0
Seton Hall,BE,34,20,107.9,96.9,0.7749,49.9,49.6,17.5,19.8,29.5,29.2,34.5,32.8,50.6,48.7,32.4,34.0,70.4,-0.4,R64,10,2019,0
Eastern Washington,BSky,32,23,110.1,107.6,0.5648,55.1,52.3,15.9,17.8,29.3,30.7,35.2,36.0,52.2,49.2,39.3,38.7,68.5,-2.6,R64,13,2015,0
Weber St.,BSky,32,23,101.7,99.5,0.5599,54.5,47.4,19.6,15.6,25.9,25.6,45.7,28.1,55.3,45.2,35.5,35.6,67.7,-3.7,R64,15,2016,0
North Dakota,BSky,29,22,103.1,102.7,0.5112,53.4,50.7,18.3,19.6,26.0,27.8,36.1,39.7,51.4,50.0,38.7,34.8,72.5,-5.3,R64,15,2017,0
Montana,BSky,32,26,106.7,98.4,0.7184,51.2,48.4,17.4,21.2,33.5,26.1,38.3,41.4,51.4,46.3,33.7,35.2,69.1,-1.1,R64,14,2018,0
Montana,BSky,33,26,106.2,103.2,0.5812,56.1,50.1,17.3,19.2,27.4,24.9,31.6,37.3,55.6,49.3,37.8,34.4,68.0,-3.2,R64,15,2019,0
Coastal Carolina,BSth,30,20,104.5,103.0,0.5417,50.0,47.7,17.5,16.9,34.8,28.0,38.9,35.0,48.1,45.8,35.9,33.8,64.1,-5.1,R64,16,2015,0
UNC Asheville,BSth,32,20,101.2,99.4,0.5487,49.6,49.3,18.6,22.2,31.6,29.3,41.8,33.0,50.2,52.1,32.1,29.6,71.0,-6.3,R64,15,2016,0
Winthrop,BSth,31,26,105.3,101.3,0.6106,53.5,46.7,17.8,18.6,26.3,28.4,38.2,34.5,50.9,45.9,37.9,32.1,72.3,-1.8,R64,13,2017,0
Radford,BSth,34,23,101.3,102.8,0.4559,49.3,50.1,18.7,20.2,32.0,28.0,31.2,31.7,47.1,48.9,35.0,34.6,64.2,-6.5,R64,16,2018,0
Gardner Webb,BSth,32,23,106.0,106.6,0.4852,54.8,50.5,17.1,18.2,22.4,31.3,38.3,27.6,53.6,50.4,37.7,33.7,68.7,-5.0,R64,16,2019,0
UC Irvine,BW,32,19,105.1,96.8,0.7202,50.7,44.7,18.2,17.2,30.0,30.7,30.2,35.3,47.8,42.4,38.2,33.6,63.9,-4.6,R64,13,2015,0
UC Davis,BW,34,23,97.4,100.8,0.4033,48.4,48.7,20.3,19.6,29.1,28.3,40.8,33.1,46.9,48.5,34.5,32.6,70.3,-7.5,R64,16,2017,0
Cal St. Fullerton,BW,30,20,101.6,102.5,0.476,51.6,48.2,20.7,18.2,26.0,28.9,45.6,35.2,52.0,45.0,33.8,36.4,70.7,-5.5,R64,15,2018,0
Northeastern,CAA,35,23,107.0,101.0,0.6586,54.5,49.8,21.5,15.5,30.1,25.3,41.4,25.0,53.0,49.1,38.6,34.4,63.6,-4.6,R64,14,2015,0
UNC Wilmington,CAA,31,23,109.5,100.9,0.7186,51.2,47.5,15.9,19.9,32.1,30.1,35.6,55.2,51.0,46.1,34.4,33.9,71.3,-0.7,R64,13,2016,0
UNC Wilmington,CAA,33,29,117.7,105.0,0.7881,55.0,53.2,13.9,20.1,32.5,28.5,30.8,39.6,55.7,54.2,36.1,34.0,71.5,1.5,R64,12,2017,0
College of Charleston,CAA,32,26,106.8,104.3,0.5685,52.7,49.9,15.1,17.8,25.5,27.9,36.6,32.1,52.0,48.7,35.9,34.6,66.0,-2.1,R64,13,2018,0
Northeastern,CAA,34,23,109.1,102.5,0.6712,56.5,52.1,16.6,16.7,22.7,24.6,34.3,27.8,55.8,53.0,38.2,33.7,67.5,-2.8,R64,13,2019,0
Old Dominion,CUSA,35,26,99.3,94.6,0.6339,47.2,45.6,17.8,18.5,32.1,24.8,28.9,32.4,44.1,43.5,34.9,32.4,65.9,-1.8,R64,14,2019,0
Valparaiso,Horz,31,25,105.0,94.5,0.7706,51.3,45.2,19.0,18.6,34.7,27.4,36.6,33.4,48.0,42.3,38.4,33.4,63.1,0.1,R64,13,2015,0
Green Bay,Horz,34,21,106.9,104.2,0.5729,49.8,51.5,15.8,21.1,30.9,32.0,42.2,35.8,48.5,50.0,35.0,36.3,77.3,-4.5,R64,14,2016,0
Northern Kentucky,Horz,33,24,105.5,104.1,0.537,52.4,49.7,18.8,17.0,31.2,26.4,36.5,30.5,51.6,50.2,35.7,32.4,69.3,-4.9,R64,15,2017,0
Wright St.,Horz,33,25,99.4,97.2,0.5638,48.6,48.3,18.6,21.0,28.7,25.3,35.3,29.9,47.7,45.8,33.5,34.7,69.3,-3.5,R64,14,2018,0
Northern Kentucky,Horz,33,26,107.8,101.3,0.6719,54.6,49.1,17.8,18.4,30.6,26.0,34.8,35.2,55.0,49.9,36.0,32.0,69.3,-2.2,R64,14,2019,0
Harvard,Ivy,28,20,102.4,94.9,0.7057,47.1,46.6,18.4,20.1,32.4,28.4,38.9,32.9,45.5,44.5,34.3,34.0,61.6,-1.3,R64,13,2015,0
Princeton,Ivy,29,23,107.6,95.4,0.7989,53.2,48.7,15.2,20.2,24.1,24.7,24.4,32.0,50.5,46.9,37.6,34.5,64.2,-0.4,R64,12,2017,0
Penn,Ivy,32,24,103.6,97.6,0.6644,52.9,47.0,16.6,17.0,23.8,22.6,33.4,31.8,53.3,48.0,34.8,30.0,70.1,-3.3,R64,16,2018,0
Yale,Ivy,29,22,110.5,102.5,0.7034,55.6,47.3,17.8,15.2,26.3,24.6,30.1,31.1,56.0,47.8,36.5,31.0,72.2,-0.9,R64,14,2019,0
Iona,MAAC,33,22,109.1,102.1,0.6822,53.8,48.8,17.6,19.2,29.2,31.0,32.4,36.3,52.5,46.0,37.0,35.8,72.6,-3.6,R64,13,2016,0
Iona,MAAC,35,22,109.3,106.0,0.5879,53.4,50.0,16.5,18.0,27.0,32.1,31.0,33.4,49.3,47.7,39.7,36.1,71.7,-5.8,R64,14,2017,0
Iona,MAAC,34,20,108.8,107.6,0.5333,53.9,52.5,16.0,18.8,24.5,30.8,30.2,28.6,51.5,51.7,38.3,35.8,71.5,-7.3,R64,15,2018,0
Iona,MAAC,33,17,105.2,108.8,0.4044,53.0,52.3,17.3,18.5,25.1,30.7,36.8,28.5,53.2,50.3,35.1,36.6,71.9,-10.4,R64,16,2019,0
Buffalo,MAC,33,23,109.1,98.0,0.7742,48.7,48.5,16.7,19.7,34.5,30.4,42.6,34.3,47.6,48.0,34.1,33.0,68.9,-1.3,R64,12,2015,0
Buffalo,MAC,34,19,105.1,102.4,0.5746,49.6,49.8,18.8,17.7,31.8,28.7,41.6,37.8,49.0,48.8,33.7,34.3,72.9,-5.8,R64,14,2016,0
Kent St.,MAC,35,22,104.1,102.9,0.5322,48.2,50.1,17.9,19.0,38.1,29.8,32.5,34.3,48.5,48.5,31.7,35.3,69.5,-7.2,R64,14,2017,0
Hampton,MEAC,35,17,94.8,102.3,0.2939,45.6,46.4,20.2,20.1,31.8,30.9,43.8,45.5,45.6,44.5,30.4,33.9,69.6,-12.6,R64,16,2015,0
Hampton,MEAC,31,20,98.2,107.5,0.2615,46.7,48.6,18.7,16.7,34.5,27.2,41.3,35.7,47.3,47.5,30.5,33.8,71.9,-6.3,R64,16,2016,0
Bradley,MVC,34,20,101.1,100.5,0.517,49.7,47.6,18.8,18.4,26.7,26.7,36.3,35.6,46.5,46.5,37.0,32.8,66.5,-7.9,R64,15,2019,0
Wyoming,MWC,33,23,102.1,98.2,0.6121,52.2,47.0,18.8,17.9,22.0,27.0,40.4,27.0,54.4,44.0,32.6,34.9,59.2,-1.6,R64,12,2015,0
Fresno St.,MWC,33,23,106.3,100.1,0.6646,48.4,48.8,15.1,21.0,30.0,29.7,37.7,46.4,47.0,48.4,34.4,33.0,69.8,-0.9,R64,14,2016,0
Nevada,MWC,35,28,113.7,100.7,0.8021,52.5,48.3,15.5,15.9,30.4,26.3,41.3,28.2,49.2,49.3,38.2,31.0,71.0,1.7,R64,12,2017,0
San Diego St.,MWC,32,22,110.2,94.9,0.8486,51.7,48.6,17.0,19.0,31.6,25.0,35.1,29.6,52.0,47.8,34.1,33.2,70.0,-1.5,R64,11,2018,0
Nevada,MWC,34,29,112.5,95.9,0.8618,53.7,47.7,14.6,19.2,27.2,24.9,40.8,28.0,54.9,46.3,34.7,33.2,70.8,3.8,R64,7,2019,0
Utah St.,MWC,34,28,111.3,96.8,0.8329,53.9,46.5,18.2,17.3,32.0,22.3,36.7,34.3,54.2,42.2,35.7,35.3,69.6,2.0,R64,8,2019,0
Robert Morris,NEC,35,20,100.7,103.3,0.4286,50.1,49.3,19.8,21.8,31.0,35.9,35.5,37.6,47.4,48.3,37.5,34.1,66.0,-8.6,R64,16,2015,0
Mount St. Mary's,NEC,36,20,98.9,101.8,0.4155,51.0,49.9,19.2,21.7,23.1,34.8,32.4,32.6,49.4,49.5,35.8,34.1,68.3,-7.9,R64,16,2017,0
Fairleigh Dickinson,NEC,33,21,104.5,110.3,0.3494,54.2,52.0,19.7,20.2,29.5,33.2,35.7,29.4,51.0,51.3,40.1,35.3,68.0,-9.3,R64,16,2019,0
Belmont,OVC,32,21,108.7,106.8,0.5497,56.5,51.3,20.3,18.5,28.9,29.6,32.2,28.2,56.4,51.2,37.7,34.3,67.6,-4.7,R64,15,2015,0
Austin Peay,OVC,34,16,103.4,109.1,0.3501,51.3,53.8,20.2,18.6,31.9,30.0,47.0,31.3,51.0,53.3,34.7,36.4,70.5,-11.3,R64,16,2016,0
Jacksonville St.,OVC,33,20,104.4,104.2,0.5054,52.6,49.4,20.7,16.6,31.2,28.5,33.4,34.4,50.8,45.1,37.2,37.8,65.0,-8.0,R64,15,2017,0
Murray St.,OVC,30,26,110.6,100.8,0.7449,55.0,47.2,17.6,18.0,32.9,27.6,37.3,30.5,54.4,47.6,37.2,30.9,67.8,-0.4,R64,12,2018,0
Belmont,OVC,32,27,114.9,101.0,0.8138,57.6,48.7,15.2,16.0,25.3,25.0,28.5,27.4,59.2,47.2,37.0,34.4,72.5,1.2,R64,11,2019,0
Arizona,P12,34,25,116.1,95.7,0.9022,53.6,46.2,18.2,16.0,35.0,24.9,43.8,29.3,52.2,45.7,38.1,31.6,69.1,3.4,R64,6,2016,0
California,P12,34,23,112.4,92.8,0.9006,52.2,44.3,17.7,14.1,32.4,25.3,41.7,37.5,51.1,41.5,36.3,34.7,68.8,2.2,R64,4,2016,0
Colorado,P12,33,21,107.8,95.2,0.8072,48.4,46.8,18.8,15.4,34.8,24.8,40.5,35.7,43.9,44.3,38.6,35.3,69.9,0.7,R64,8,2016,0
Oregon St.,P12,31,18,109.9,98.1,0.788,49.8,49.5,16.6,19.5,29.0,32.2,36.8,39.3,46.9,50.0,37.4,32.4,68.0,0.3,R64,7,2016,0
USC,P12,34,21,113.7,98.7,0.8352,52.2,47.3,16.6,16.7,32.1,31.6,35.1,28.3,49.4,46.6,38.7,32.5,72.1,0.2,R64,8,2016,0
Arizona,P12,35,27,117.0,100.4,0.8528,56.3,49.9,17.5,16.7,33.2,25.1,36.9,31.2,56.7,47.7,36.9,35.8,68.3,3.8,R64,4,2018,0
Arizona St.,P12,34,23,108.7,97.6,0.775,50.6,48.5,18.7,19.0,31.7,26.9,43.8,38.6,50.8,47.3,33.6,33.4,71.9,0.1,R64,11,2019,0
Lafayette,Pat,32,19,109.8,114.5,0.3839,55.8,53.5,17.1,16.8,27.7,34.5,30.4,27.5,52.8,51.5,40.8,38.0,65.1,-7.1,R64,16,2015,0
Holy Cross,Pat,35,15,96.7,106.9,0.2398,47.9,53.2,16.8,19.6,23.1,29.6,36.1,33.4,47.2,52.8,32.6,35.7,64.6,-14.5,R64,16,2016,0
Bucknell,Pat,35,26,108.3,99.1,0.7352,55.3,48.0,18.9,19.7,26.8,27.9,37.2,33.1,54.3,46.5,37.9,34.2,71.4,-2.1,R64,13,2017,0
Bucknell,Pat,35,25,108.0,101.3,0.676,53.9,47.8,17.0,17.0,27.0,27.5,42.6,34.5,55.0,47.0,34.8,33.1,72.9,-3.0,R64,14,2018,0
Colgate,Pat,34,24,109.1,105.5,0.5961,55.9,50.7,19.3,17.8,30.2,27.1,28.4,28.2,53.5,50.5,39.5,33.9,67.9,-4.4,R64,15,2019,0
Troy,SB,35,22,108.8,106.6,0.5596,51.6,50.1,17.8,17.6,30.8,29.8,40.1,32.8,50.9,49.5,35.1,34.1,69.4,-8.1,R64,15,2017,0
Georgia St.,SB,33,24,108.8,101.5,0.6894,53.9,47.1,16.7,20.6,25.6,33.4,30.9,38.6,50.9,44.0,38.7,33.8,67.7,-5.1,R64,15,2018,0
Georgia St.,SB,33,24,106.4,101.1,0.6418,53.7,50.3,16.4,21.0,23.0,33.8,35.4,30.9,51.2,51.2,38.1,32.8,71.3,-1.3,R64,14,2019,0
Wofford,SC,33,26,102.3,96.8,0.6547,51.1,47.0,17.2,20.0,29.4,27.7,37.6,36.4,49.1,47.3,36.8,30.9,61.2,0.2,R64,12,2015,0
Chattanooga,SC,33,27,105.6,100.8,0.6286,51.7,50.5,18.0,20.2,32.3,29.0,41.6,30.9,50.7,50.5,35.6,33.7,67.3,0.4,R64,12,2016,0
East Tennessee St.,SC,33,27,107.3,97.1,0.7595,55.8,48.7,20.8,22.0,30.1,27.4,42.8,38.2,55.0,45.7,38.2,35.4,71.5,-0.7,R64,13,2017,0
UNC Greensboro,SC,32,27,103.4,95.2,0.7207,51.7,47.5,19.8,21.4,33.7,23.9,26.0,39.2,51.1,47.3,35.0,31.9,66.2,-1.6,R64,13,2018,0
Georgia,SEC,33,21,107.6,92.6,0.8482,48.5,44.4,19.2,16.7,32.2,28.5,47.7,34.3,47.2,43.2,34.2,31.2,64.8,1.6,R64,10,2015,0
LSU,SEC,33,22,107.8,92.8,0.8477,50.3,44.6,20.2,19.1,33.9,32.9,33.5,29.4,50.1,43.9,33.9,30.9,70.1,0.5,R64,9,2015,0
Mississippi,SEC,34,21,112.2,99.2,0.8037,47.8,47.6,16.5,18.7,34.8,31.4,36.1,41.2,46.8,43.6,33.2,35.8,66.6,-0.5,R64,11,2015,0
Vanderbilt,SEC,35,19,112.5,93.8,0.8898,52.1,48.1,18.2,16.1,24.8,27.0,34.8,30.7,48.1,46.8,37.6,33.8,67.0,0.1,R64,9,2017,0
Arkansas,SEC,35,23,116.7,100.4,0.8483,53.8,50.4,15.1,19.4,28.8,31.7,37.4,40.8,51.2,48.2,39.5,35.7,71.1,2.8,R64,7,2018,0
Missouri,SEC,32,20,111.0,96.0,0.842,54.1,46.7,20.8,16.0,30.3,27.9,38.3,30.3,50.3,45.4,39.0,32.7,66.8,0.4,R64,8,2018,0
Mississippi,SEC,33,20,113.3,97.9,0.8433,53.1,51.0,18.2,20.6,30.2,29.3,30.9,33.5,52.7,48.2,35.8,37.4,69.7,0.9,R64,8,2019,0
Mississippi St.,SEC,34,23,116.9,96.8,0.898,54.6,50.3,19.2,19.5,34.7,29.6,32.7,32.1,53.4,48.4,37.7,35.7,69.0,4.5,R64,5,2019,0
Stephen F. Austin,Slnd,31,26,111.0,98.8,0.7919,55.6,49.0,20.3,24.5,37.6,29.6,41.9,49.1,55.4,48.3,37.3,33.7,66.4,1.2,R64,12,2015,0
Stephen F. Austin,Slnd,31,28,103.8,97.1,0.6832,53.1,49.7,20.7,25.9,32.0,28.5,40.5,50.3,51.7,47.4,37.4,35.6,72.1,-1.8,R64,14,2018,0
Abilene Christian,Slnd,30,27,100.9,100.7,0.5064,51.9,49.8,17.3,23.3,27.0,28.5,34.0,38.3,49.5,49.8,37.7,33.3,67.1,-2.6,R64,15,2019,0
North Dakota St.,Sum,31,21,100.8,100.7,0.5035,49.7,48.1,16.0,16.5,26.1,23.7,35.7,30.7,45.5,45.0,38.2,36.2,61.5,-3.9,R64,15,2015,0
South Dakota St.,Sum,32,24,110.5,101.1,0.737,51.3,48.0,17.1,17.2,32.4,25.5,40.2,40.2,49.7,47.1,36.1,33.3,69.2,-1.2,R64,12,2016,0
South Dakota St.,Sum,33,18,108.2,109.7,0.4612,53.2,53.8,18.4,16.2,27.1,28.9,39.9,27.1,52.7,52.4,35.8,36.9,68.5,-9.8,R64,16,2017,0
South Dakota St.,Sum,31,28,113.2,100.4,0.7989,54.3,50.0,14.0,14.2,24.6,23.3,35.4,25.6,50.7,49.8,39.3,33.6,71.5,0.6,R64,12,2018,0
North Dakota St.,Sum,33,19,106.6,109.0,0.4369,53.5,53.6,15.7,14.4,20.7,25.9,32.2,26.5,52.1,52.6,36.7,37.0,66.5,-8.6,R64,16,2019,0
Texas Southern,SWAC,35,22,101.9,108.1,0.3371,49.5,49.3,19.7,18.7,33.8,34.6,46.8,33.1,50.0,48.5,32.2,34.4,63.7,-4.5,R64,15,2015,0
Texas Southern,SWAC,35,23,100.6,106.5,0.3437,48.1,49.1,16.6,19.2,31.7,34.9,44.3,32.3,50.0,49.3,29.6,32.5,70.0,-4.4,R64,16,2017,0
Texas Southern,SWAC,36,16,104.1,112.4,0.293,50.5,51.2,17.2,16.2,28.5,32.5,42.9,31.2,48.5,49.4,35.9,36.6,72.6,-10.9,R64,16,2018,0
New Mexico St.,WAC,32,21,103.9,98.1,0.6613,50.6,46.4,21.8,20.6,39.3,31.0,44.3,32.5,49.3,46.4,36.2,30.8,64.0,-4.5,R64,15,2015,0
Cal St. Bakersfield,WAC,30,21,103.4,95.7,0.7106,49.3,45.2,18.2,21.5,34.1,29.7,38.0,42.1,48.5,42.8,34.3,33.4,68.4,-3.5,R64,15,2016,0
New Mexico St.,WAC,31,28,109.4,102.5,0.6783,52.7,47.9,19.5,19.1,35.6,28.5,43.3,35.2,54.2,49.1,33.5,30.3,69.1,-0.2,R64,14,2017,0
New Mexico St.,WAC,31,28,106.8,95.0,0.7927,51.6,46.0,17.4,19.0,33.8,22.5,29.1,33.0,52.0,45.7,34.0,31.1,69.4,1.3,R64,12,2018,0
New Mexico St.,WAC,33,30,111.8,98.2,0.8155,54.1,48.9,17.8,19.1,37.0,22.5,34.6,32.5,56.7,48.0,34.0,33.5,67.1,1.4,R64,12,2019,0
Saint Mary's,WCC,34,22,113.1,96.3,0.8637,53.8,48.9,16.2,16.3,31.2,23.0,29.1,29.1,52.3,49.2,37.8,32.1,64.1,-0.8,R64,11,2019,0
Duke,ACC,35,26,125.9,98.6,0.9432,53.8,49.3,14.6,18.5,35.2,31.3,38.8,40.8,50.3,50.3,39.5,30.7,66.7,6.5,R64,3,2014,0
Cincinnati,Amer,34,27,108.7,91.5,0.8783,47.7,44.8,17.4,22.4,39.1,32.3,38.7,36.0,46.6,43.2,33.5,32.0,63.5,5.3,R64,5,2014,0
Oklahoma,B12,33,23,118.2,99.4,0.8793,51.7,49.7,15.7,17.8,32.4,30.4,39.4,38.5,48.7,48.8,37.9,34.2,71.6,4.1,R64,5,2014,0
VCU,A10,35,26,108.3,89.8,0.8955,47.9,47.8,17.2,25.6,34.9,30.8,35.2,39.7,45.6,48.8,34.9,30.3,70.8,3.6,R64,5,2014,0
Massachusetts,A10,33,24,109.0,96.9,0.7952,50.4,46.6,18.8,18.7,34.3,31.7,39.2,37.2,49.9,46.8,34.6,30.8,71.8,3.6,R64,6,2014,0
Ohio St.,B10,35,25,108.4,88.5,0.9107,50.3,45.2,17.2,21.9,29.6,29.6,42.3,29.8,51.1,45.9,32.4,29.3,65.4,4.5,R64,6,2014,0
New Mexico,MWC,34,27,112.8,95.7,0.8693,51.1,45.0,15.9,14.9,32.5,28.2,46.7,31.3,51.7,41.1,33.2,34.8,66.2,4.4,R64,7,2014,0
Colorado,P12,35,23,106.9,96.0,0.774,48.3,49.4,19.7,17.8,34.0,26.1,48.3,30.2,48.6,47.3,31.8,35.6,66.9,2.4,R64,8,2014,0
Kansas St.,B12,33,20,107.9,92.9,0.8473,48.8,45.3,18.5,19.0,34.7,33.2,40.3,45.4,48.3,45.9,33.1,29.3,64.8,0.5,R64,9,2014,0
Oklahoma St.,B12,34,21,115.6,94.8,0.9067,52.4,46.3,14.7,20.0,28.0,32.0,49.7,41.0,51.3,45.0,36.4,32.7,69.2,1.4,R64,9,2014,0
Arizona St.,P12,33,21,110.3,96.4,0.8252,52.4,46.3,16.3,17.0,24.5,30.2,42.5,37.3,48.8,45.3,39.0,32.6,69.3,1.2,R64,10,2014,0
BYU,WCC,34,22,113.8,100.5,0.8078,50.6,49.1,15.3,16.6,34.9,28.6,47.6,36.8,49.2,48.2,36.9,33.7,73.0,0.6,R64,10,2014,0
Saint Joseph's,A10,34,24,113.8,97.5,0.8546,53.9,47.8,18.7,15.3,29.5,27.8,43.6,30.6,52.3,46.0,37.9,34.2,65.9,2.1,R64,10,2014,0
George Washington,A10,33,24,110.2,96.8,0.8151,51.5,47.2,19.0,19.6,35.1,31.4,46.6,33.4,50.2,47.4,36.4,31.2,67.2,3.2,R64,11,2014,0
Nebraska,B10,32,19,108.2,95.0,0.8172,48.3,47.6,16.7,19.0,25.7,29.0,42.3,44.9,47.4,47.8,33.3,31.5,66.4,1.3,R64,11,2014,0
Providence,BE,35,22,114.9,100.4,0.8249,48.3,48.9,17.3,16.4,35.3,30.8,41.9,33.7,46.5,48.8,34.7,32.8,64.9,1.2,R64,11,2014,0
North Carolina St.,ACC,36,22,114.8,101.4,0.8066,50.0,47.5,15.8,17.4,34.1,35.6,37.0,42.6,51.5,47.3,30.5,32.1,66.5,0.6,R64,12,2014,0
Delaware,CAA,35,25,110.7,106.0,0.6237,50.4,49.4,13.4,16.8,29.1,32.8,43.9,38.0,49.5,49.6,34.7,32.7,72.3,-1.4,R64,13,2014,0
Manhattan,MAAC,33,25,106.2,96.4,0.7519,50.7,45.4,19.7,21.7,34.4,33.3,55.5,52.8,48.7,44.0,36.9,32.7,69.6,-0.5,R64,13,2014,0
New Mexico St.,WAC,35,25,111.6,102.0,0.7385,53.2,44.4,18.7,16.1,37.7,33.0,53.9,34.1,52.9,42.7,36.1,33.2,67.1,-2.3,R64,13,2014,0
Tulsa,CUSA,34,21,105.6,95.8,0.7537,49.2,46.4,16.7,20.3,30.2,29.6,47.1,47.5,49.2,43.2,32.7,35.2,68.4,-3.6,R64,13,2014,0
Louisiana Lafayette,SB,32,20,110.5,104.5,0.6557,51.5,50.4,18.8,18.5,36.5,31.8,44.3,44.0,49.6,50.6,37.1,33.2,70.0,-3.8,R64,14,2014,0
North Carolina Central,MEAC,32,26,107.9,100.2,0.7018,50.2,44.4,17.2,23.7,35.4,33.1,49.5,44.8,50.8,43.2,32.5,31.0,64.1,-0.6,R64,14,2014,0
Western Michigan,MAC,32,22,104.7,102.5,0.5605,52.0,47.6,20.9,18.5,31.0,32.0,51.4,34.7,53.7,47.8,32.6,31.5,67.0,-2.9,R64,14,2014,0
American,Pat,33,20,101.8,97.7,0.6178,55.8,46.4,23.1,19.6,26.5,29.7,35.0,40.7,55.1,45.7,37.9,31.9,61.4,-5.5,R64,15,2014,0
Eastern Kentucky,OVC,32,22,112.1,107.5,0.6177,56.7,55.7,15.8,24.2,23.0,34.0,43.2,54.9,55.7,56.7,38.6,35.8,66.0,-3.3,R64,15,2014,0
Milwaukee,Horz,34,20,104.3,103.9,0.5123,49.1,49.1,19.9,18.5,28.6,31.2,44.7,36.5,49.1,50.4,32.7,31.0,67.8,-6.1,R64,15,2014,0
Wofford,SC,30,17,99.7,102.2,0.4275,48.8,49.5,16.4,19.7,30.9,29.0,33.0,39.4,47.4,49.6,34.6,32.9,62.1,-6.5,R64,15,2014,0
Albany,AE,34,19,102.8,103.1,0.49,48.8,48.3,19.7,18.3,31.9,28.4,42.0,29.1,47.0,46.0,36.0,34.9,63.2,-8.6,R64,16,2014,0
Cal Poly,BW,32,12,102.0,104.4,0.4356,46.0,49.3,14.7,18.1,30.9,33.2,33.2,42.9,44.2,48.6,33.0,33.8,60.4,-10.7,R64,16,2014,0
Coastal Carolina,BSth,31,18,98.3,102.0,0.3946,48.0,47.5,20.2,18.3,34.2,29.3,38.6,39.6,47.6,46.7,32.6,32.4,67.5,-7.7,R64,16,2014,0
Weber St.,BSky,29,17,106.0,106.6,0.4831,54.1,47.8,19.0,13.8,28.4,28.7,49.7,35.1,51.1,47.0,39.4,33.7,64.3,-6.9,R64,16,2014,0
Georgetown,BE,32,25,107.6,85.0,0.9381,51.1,43.0,20.1,22.4,30.4,31.0,36.8,35.3,50.2,41.4,35.3,30.7,62.5,6.6,R64,2,2013,0
New Mexico,MWC,35,29,107.0,91.1,0.8641,48.4,45.9,17.6,19.5,29.3,27.6,45.7,25.7,46.1,42.0,35.1,34.6,65.4,6.9,R64,3,2013,0
Kansas St.,B12,34,26,113.4,94.5,0.8896,49.1,47.5,18.2,22.2,38.5,33.8,31.7,36.8,46.8,46.5,35.8,33.3,63.0,5.4,R64,4,2013,0
Wisconsin,B10,35,23,107.2,84.3,0.9406,48.6,43.0,15.7,18.0,32.6,26.9,29.7,25.7,48.0,42.8,33.0,28.9,61.9,4.6,R64,5,2013,0
Oklahoma St.,B12,33,24,107.1,88.6,0.8983,48.8,44.5,18.2,21.7,31.3,30.8,40.5,35.1,49.5,42.4,31.6,32.4,67.3,3.2,R64,5,2013,0
UNLV,MWC,34,24,104.7,88.4,0.8749,48.9,44.1,20.2,18.5,33.3,27.1,36.7,29.6,48.9,42.6,32.6,31.6,69.3,1.8,R64,5,2013,0
UCLA,P12,35,25,110.0,94.8,0.8475,49.1,47.5,15.8,19.9,30.7,34.0,33.1,24.6,48.9,46.9,33.3,32.4,69.6,3.3,R64,6,2013,0
Notre Dame,BE,35,25,112.9,95.4,0.8748,52.2,46.8,17.6,16.0,34.0,29.5,32.0,24.6,50.6,45.9,37.0,32.5,61.7,3.9,R64,7,2013,0
Pittsburgh,BE,33,24,112.8,91.1,0.9217,51.7,44.6,18.1,22.0,40.4,30.0,37.5,36.4,51.5,44.0,34.9,30.4,60.3,3.1,R64,8,2013,0
North Carolina St.,ACC,35,24,115.2,98.0,0.865,54.2,46.8,18.0,16.6,34.7,32.6,40.9,29.0,52.8,47.5,39.1,30.2,68.1,2.2,R64,8,2013,0
Villanova,BE,33,19,105.3,90.5,0.8507,47.3,47.3,22.9,22.0,33.1,29.5,50.6,40.9,46.0,42.4,33.2,37.3,67.7,0.3,R64,9,2013,0
Missouri,SEC,34,23,113.3,95.2,0.8815,51.2,46.1,18.9,17.6,38.7,28.6,35.0,29.7,51.4,44.1,33.9,33.2,67.7,1.2,R64,9,2013,0
Oklahoma,B12,32,20,110.3,95.6,0.8391,47.8,47.4,17.5,19.6,33.2,31.5,35.4,31.4,47.6,46.4,32.3,32.9,66.7,0.3,R64,10,2013,0
Colorado,P12,33,21,104.9,90.2,0.8513,48.3,45.9,20.0,19.4,33.6,30.4,40.9,25.3,47.0,44.7,34.4,32.0,65.5,1.4,R64,10,2013,0
Cincinnati,BE,34,22,104.5,88.3,0.873,46.2,43.3,19.4,20.3,38.7,29.8,35.5,32.7,45.5,42.3,31.6,30.4,65.5,1.7,R64,10,2013,0
Belmont,OVC,31,24,108.9,96.2,0.8064,56.5,48.0,19.6,25.0,29.7,34.2,32.8,37.0,56.9,46.7,37.2,33.5,67.4,0.1,R64,11,2013,0
Bucknell,Pat,33,27,104.7,93.1,0.7936,49.6,42.5,15.1,14.1,29.3,24.3,35.7,29.4,48.3,41.1,35.8,30.5,63.4,1.0,R64,11,2013,0
Saint Mary's,WCC,34,27,113.9,94.9,0.891,53.7,47.1,18.3,17.9,36.9,25.0,37.0,36.9,52.3,44.0,37.3,36.7,64.8,2.5,R64,11,2013,0
Akron,MAC,32,25,103.4,94.4,0.7402,51.0,44.6,20.8,20.2,37.6,30.5,36.9,35.0,52.1,42.7,32.7,32.8,66.5,0.3,R64,12,2013,0
South Dakota St.,Sum,32,22,109.7,103.7,0.6573,53.3,51.2,16.4,17.1,28.9,26.1,33.0,24.4,50.4,49.8,38.9,35.8,64.0,-3.2,R64,13,2013,0
Montana,BSky,30,23,101.6,101.8,0.4929,52.9,48.6,19.1,18.3,25.1,30.5,40.6,35.9,52.0,48.0,36.4,33.3,63.9,-1.4,R64,13,2013,0
New Mexico St.,WAC,34,23,102.5,95.3,0.6992,49.3,45.4,21.9,18.6,36.9,29.8,47.0,30.7,49.8,43.2,31.8,33.9,65.1,-3.1,R64,13,2013,0
Northwestern St.,Slnd,28,19,104.8,102.1,0.573,49.0,47.8,19.2,21.7,34.8,37.3,40.3,40.5,50.0,46.8,31.0,33.9,73.0,-3.2,R64,14,2013,0
Davidson,SC,33,25,110.6,98.3,0.7959,53.1,45.3,17.0,18.8,29.0,28.5,38.9,36.4,52.0,44.3,36.6,32.1,65.2,-1.4,R64,14,2013,0
Valparaiso,Horz,33,25,107.8,97.9,0.7514,55.7,46.2,21.8,19.5,31.2,28.2,41.7,36.8,55.7,44.5,37.1,33.8,65.6,-0.8,R64,14,2013,0
Pacific,BW,33,20,104.7,101.1,0.5991,50.5,50.0,17.8,20.0,29.2,30.8,37.7,39.3,46.8,48.0,38.9,35.4,63.4,-5.1,R64,15,2013,0
Iona,MAAC,34,20,112.8,105.0,0.6956,52.1,51.6,17.1,19.3,32.8,33.4,32.7,32.2,50.4,49.1,36.7,37.5,71.3,-5.9,R64,15,2013,0
Albany,AE,35,24,101.2,98.7,0.5722,49.6,48.3,21.2,19.9,31.7,28.2,40.0,27.8,46.7,47.6,37.0,33.1,63.2,-4.5,R64,15,2013,0
Western Kentucky,SB,35,19,100.1,100.4,0.4895,48.6,47.9,22.2,20.8,34.8,30.7,37.6,37.8,48.3,47.6,32.7,32.4,66.0,-8.4,R64,16,2013,0
North Carolina A&T,MEAC,36,19,90.6,95.7,0.3459,45.7,45.2,22.7,23.4,29.8,33.2,42.6,41.1,45.4,43.4,30.7,32.0,66.9,-11.5,R64,16,2013,0
Southern,SWAC,30,20,95.9,96.7,0.475,49.1,41.9,16.8,20.2,26.2,31.1,40.3,34.9,46.0,40.5,36.7,30.0,65.0,-5.7,R64,16,2013,0
James Madison,CAA,36,21,98.5,99.4,0.4736,47.6,48.7,17.2,21.1,29.6,31.1,36.8,39.2,46.2,46.9,33.6,34.7,64.2,-8.9,R64,16,2013,0
Wake Forest,ACC,33,19,122.4,102.6,0.8831,54.1,52.7,16.4,16.2,30.7,27.7,40.7,38.0,52.1,52.1,38.5,35.8,72.0,1.3,R68,11,2017,0
Tulsa,Amer,32,20,109.5,99.6,0.7486,50.3,48.2,15.6,20.4,28.0,30.5,39.6,34.6,51.1,45.0,32.6,35.9,69.4,-1.2,R68,11,2016,0
Temple,Amer,33,23,109.4,97.6,0.7866,49.9,50.6,15.7,20.6,26.9,29.2,32.5,33.9,50.1,51.5,33.0,32.9,70.2,1.8,R68,11,2019,0
North Florida,ASun,32,20,105.2,105.0,0.5063,53.6,47.9,18.3,17.9,29.2,31.8,39.7,34.1,51.1,48.3,38.1,31.3,67.5,-5.1,R68,16,2015,0
Providence,BE,33,20,108.3,94.5,0.8278,51.4,49.6,18.4,20.3,26.4,28.6,38.1,30.5,49.1,49.9,37.1,32.8,67.6,0.6,R68,11,2017,0
St. John's,BE,34,21,107.4,99.5,0.7067,51.9,50.7,14.3,21.2,21.8,29.4,29.5,39.7,50.7,50.3,35.8,34.2,72.3,-1.2,R68,11,2019,0
Manhattan,MAAC,33,19,100.2,99.4,0.5238,49.4,48.1,21.1,23.9,30.9,33.1,47.4,52.3,48.8,48.0,33.6,32.4,68.0,-7.6,R68,16,2015,0
North Carolina Central,MEAC,31,25,101.4,101.3,0.5043,51.3,45.3,17.8,19.8,31.6,31.2,34.2,28.0,52.7,46.1,32.7,29.2,68.0,-5.1,R68,16,2017,0
North Carolina Central,MEAC,32,19,95.0,110.3,0.1522,50.4,48.5,20.8,16.8,32.9,29.7,30.3,34.3,51.3,48.1,32.3,32.8,66.4,-12.0,R68,16,2018,0
North Carolina Central,MEAC,31,18,98.0,108.3,0.2414,49.9,49.9,22.7,17.5,34.8,26.9,33.5,31.4,51.3,50.9,31.5,32.0,66.4,-10.9,R68,16,2019,0
Boise St.,MWC,32,23,109.5,96.0,0.821,53.2,47.6,16.1,19.4,27.8,25.6,32.4,31.6,49.6,48.1,38.9,31.3,63.4,0.2,R68,11,2015,0
Fairleigh Dickinson,NEC,32,17,103.0,115.6,0.209,51.2,52.4,17.7,21.0,28.4,35.8,33.3,46.9,49.5,52.1,36.4,35.4,72.5,-9.9,R68,16,2016,0
LIU Brooklyn,NEC,34,18,101.9,109.9,0.2937,52.1,50.0,19.5,16.5,29.4,29.8,38.7,31.8,52.3,50.5,34.6,32.8,72.8,-13.2,R68,16,2018,0
Arizona St.,P12,32,20,115.7,102.1,0.8089,53.8,50.6,14.7,20.4,28.0,30.6,41.3,32.7,53.2,50.2,36.4,34.2,72.7,-1.2,R68,11,2018,0
UCLA,P12,33,21,113.7,100.6,0.8029,53.7,49.1,16.6,14.5,28.5,26.9,35.5,29.7,51.4,47.3,38.1,34.6,71.5,0.0,R68,11,2018,0
Vanderbilt,SEC,33,19,114.5,93.2,0.9148,52.9,43.1,16.8,14.2,27.2,29.3,39.8,34.4,50.1,42.6,38.2,29.4,68.7,-0.3,R68,11,2016,0
New Orleans,Slnd,29,20,99.6,101.2,0.4538,50.2,50.3,23.7,22.4,36.1,32.6,42.8,34.7,51.6,51.8,30.7,31.9,67.7,-6.3,R68,16,2017,0
Southern,SWAC,32,19,98.9,106.2,0.3065,48.5,47.9,16.3,19.6,28.1,31.2,38.1,39.9,47.6,47.7,33.8,32.2,69.5,-8.1,R68,16,2016,0
Prairie View A&M,SWAC,34,22,101.7,105.7,0.3911,49.0,51.2,17.4,24.7,29.7,34.3,43.1,46.2,49.2,53.7,32.4,31.2,72.2,-7.1,R68,16,2019,0
BYU,WCC,33,23,118.3,100.3,0.8699,53.2,49.6,16.4,17.7,33.4,28.4,42.5,39.2,50.2,49.6,39.0,33.1,70.8,0.8,R68,11,2015,0
Iowa,B10,33,20,121.2,99.2,0.9089,51.1,47.4,15.9,18.8,37.6,29.0,45.3,35.4,50.6,47.3,35.0,31.7,70.9,1.2,R68,11,2014,0
Xavier,BE,34,21,112.0,99.5,0.7965,51.7,49.4,18.7,16.9,34.1,28.7,41.6,39.5,51.5,47.4,34.8,35.2,66.0,1.4,R68,12,2014,0
Mount St. Mary's,NEC,33,16,107.1,111.0,0.3986,51.5,53.5,16.7,18.8,27.8,33.0,36.7,34.5,50.2,54.6,35.5,33.4,69.9,-9.4,R68,16,2014,0
Texas Southern,SWAC,33,18,106.1,112.9,0.3293,51.7,50.2,19.3,15.8,33.6,31.2,49.3,29.8,50.7,48.9,35.8,35.6,67.6,-9.7,R68,16,2014,0
Middle Tennessee,SB,34,28,105.1,91.0,0.8396,51.1,44.4,20.7,23.6,36.5,29.0,41.4,42.8,49.2,43.9,37.7,30.3,64.9,0.7,R68,11,2013,0
Boise St.,MWC,30,19,112.0,97.4,0.8332,51.8,51.4,18.4,20.0,30.3,24.4,33.7,42.2,48.4,51.0,38.7,34.8,66.2,-0.2,R68,13,2013,0
LIU Brooklyn,NEC,34,20,108.1,111.2,0.4195,54.4,52.6,20.3,18.4,35.2,33.5,45.6,31.6,53.1,51.1,38.0,37.2,69.3,-8.6,R68,16,2013,0
Liberty,BSth,33,12,100.1,109.7,0.2591,48.5,47.8,19.8,15.1,29.0,32.6,38.4,38.5,44.9,48.6,37.0,30.9,65.7,-15.6,R68,16,2013,0
North Carolina,ACC,38,26,119.6,92.5,0.9507,51.6,45.4,18.2,17.7,40.0,31.2,35.2,37.8,50.9,45.6,35.8,30.0,69.9,6.5,S16,4,2015,2
North Carolina St.,ACC,36,22,114.1,96.8,0.8684,49.3,45.5,16.0,14.9,33.9,30.2,35.3,34.7,47.3,43.6,35.6,33.0,64.7,1.1,S16,8,2015,2
Duke,ACC,36,25,121.2,98.9,0.9122,53.7,49.5,14.3,17.4,33.2,34.7,40.6,25.3,51.0,48.9,38.5,34.0,68.7,4.2,S16,4,2016,2
Miami FL,ACC,35,27,119.4,96.5,0.9203,54.2,48.3,16.5,17.4,30.1,29.5,40.7,29.1,53.2,46.9,37.5,34.4,67.0,6.9,S16,3,2016,2
Clemson,ACC,35,25,112.5,93.1,0.8984,52.9,47.2,17.4,17.4,27.2,26.3,33.5,27.2,51.6,43.9,36.6,35.2,67.2,3.9,S16,5,2018,2
Syracuse,ACC,37,23,106.0,92.1,0.8344,46.9,46.2,19.1,19.5,34.7,30.4,40.5,31.4,46.6,45.1,31.7,31.8,64.0,-0.4,S16,11,2018,2
Florida St.,ACC,37,29,111.7,90.9,0.9146,50.5,47.2,18.9,20.3,32.8,27.0,35.8,35.7,50.9,45.3,33.2,33.5,70.0,7.6,S16,4,2019,2
North Carolina,ACC,36,29,120.1,91.4,0.9582,52.9,48.9,17.2,18.3,35.3,22.8,30.2,28.4,52.1,47.9,36.2,33.5,76.0,10.0,S16,1,2019,2
Virginia Tech,ACC,35,26,117.8,93.4,0.9357,55.6,49.0,17.3,21.6,29.6,27.2,31.9,26.3,52.9,49.0,39.4,32.7,65.1,5.0,S16,4,2019,2
Houston,Amer,37,33,115.7,90.5,0.9439,52.1,42.5,16.5,18.2,34.4,26.0,31.6,37.3,51.3,43.0,35.5,27.9,67.3,7.8,S16,3,2019,2
Indiana,B10,35,27,121.3,98.4,0.9168,58.7,49.8,19.6,18.9,37.2,29.2,33.9,30.2,56.1,49.0,41.6,34.3,69.5,3.2,S16,5,2016,2
Maryland,B10,35,26,114.9,96.3,0.8839,55.2,46.5,18.9,16.4,29.1,29.9,37.0,27.0,55.8,45.5,36.2,32.1,67.9,4.0,S16,5,2016,2
Wisconsin,B10,35,22,108.8,93.5,0.8509,48.5,48.1,17.1,18.6,33.1,27.7,38.0,33.6,46.6,44.8,34.9,37.4,64.1,0.4,S16,7,2016,2
Michigan,B10,38,26,123.3,97.6,0.9366,57.0,51.9,14.2,19.5,24.7,30.0,30.1,27.2,56.3,50.0,38.5,37.8,64.0,3.8,S16,7,2017,2
Purdue,B10,35,27,116.6,93.1,0.9297,55.7,47.7,18.3,16.6,30.8,24.4,33.3,22.9,52.7,46.6,40.3,33.2,70.4,5.6,S16,4,2017,2
Wisconsin,B10,37,27,114.5,92.0,0.9255,52.1,47.5,17.0,19.5,35.9,25.9,32.9,28.0,51.1,43.1,35.9,37.6,64.4,5.1,S16,8,2017,2
Purdue,B10,37,30,123.2,95.7,0.9484,57.7,47.0,15.8,17.7,28.0,28.0,35.6,24.2,54.1,45.5,42.0,33.2,68.7,7.6,S16,2,2018,2
Michigan,B10,37,30,114.6,85.6,0.9665,51.6,44.1,13.9,18.0,24.7,24.8,27.5,24.1,51.8,44.3,34.2,29.1,65.9,9.2,S16,2,2019,2
Oklahoma,B12,35,24,111.6,88.5,0.9349,49.3,44.1,17.6,19.7,31.5,31.4,32.8,28.4,48.2,42.2,34.3,31.7,67.5,4.5,S16,3,2015,2
West Virginia,B12,35,25,110.3,93.3,0.8733,46.1,52.7,18.7,28.0,40.1,31.1,40.4,55.5,45.5,51.8,31.6,36.5,68.6,4.1,S16,5,2015,2
Iowa St.,B12,35,23,121.4,98.6,0.9162,57.1,49.8,15.7,16.8,26.2,30.1,26.1,24.9,56.7,49.5,38.7,33.5,72.3,3.6,S16,3,2016,2
Baylor,B12,34,27,116.4,93.9,0.9226,52.5,46.1,20.6,17.1,39.8,29.4,33.9,30.1,52.2,45.0,35.3,32.2,65.1,7.9,S16,3,2017,2
West Virginia,B12,37,28,115.4,89.3,0.9498,51.3,48.8,17.0,27.6,37.9,31.9,38.9,42.5,49.8,46.5,36.2,35.3,72.2,6.4,S16,4,2017,2
West Virginia,B12,37,26,120.9,95.8,0.9353,50.4,49.9,16.5,23.3,37.0,30.1,31.3,44.1,48.8,45.4,35.3,38.0,71.2,4.6,S16,5,2018,2
Xavier,BE,37,23,115.7,95.1,0.9049,53.3,50.0,18.1,18.8,31.3,27.3,38.5,33.3,53.7,48.9,35.1,34.6,65.5,1.3,S16,6,2015,2
Butler,BE,34,25,117.7,96.9,0.9038,54.6,50.8,15.0,19.6,27.2,27.0,37.1,37.0,54.5,51.3,36.6,33.3,67.2,5.5,S16,4,2017,2
Wichita St.,MVC,34,29,114.3,91.5,0.9277,50.3,45.8,15.0,21.3,34.5,27.4,36.2,36.6,48.9,42.6,35.4,35.3,62.6,4.2,S16,7,2015,2
Nevada,MWC,37,29,118.9,102.5,0.8462,54.8,49.4,13.5,18.0,26.7,29.3,36.3,30.1,52.1,50.7,39.2,31.7,70.7,2.5,S16,7,2018,2
UCLA,P12,36,22,111.8,96.6,0.8425,49.6,48.5,17.6,17.9,33.8,28.6,35.7,32.3,47.4,45.4,36.8,35.6,66.8,0.0,S16,11,2015,2
Utah,P12,34,25,114.9,88.7,0.9513,55.2,43.0,18.2,18.3,31.3,28.4,43.4,34.3,52.3,41.4,40.1,31.2,61.4,3.7,S16,5,2015,2
Arizona,P12,37,32,117.6,95.6,0.9157,53.7,47.7,16.6,17.4,33.2,26.0,40.5,28.6,51.5,48.4,39.0,31.0,67.1,7.9,S16,2,2017,2
UCLA,P12,36,31,122.8,99.6,0.9175,59.8,48.7,15.1,15.8,29.1,28.6,26.8,25.4,59.1,45.3,40.6,36.5,74.6,6.6,S16,3,2017,2
Oregon,P12,38,25,108.1,91.7,0.8687,52.0,46.4,17.8,20.9,29.6,28.8,29.4,33.9,51.6,48.8,35.1,29.0,65.4,-1.1,S16,12,2019,2
Texas A&M,SEC,37,28,113.0,92.2,0.9126,51.2,47.4,17.4,20.7,34.8,29.2,38.1,32.3,51.3,45.6,34.1,33.3,68.4,5.2,S16,3,2016,2
Kentucky,SEC,37,26,115.8,95.6,0.9,51.8,46.8,18.6,16.8,35.7,31.0,44.0,32.3,51.2,48.0,35.7,30.1,70.0,4.3,S16,5,2018,2
Texas A&M,SEC,35,22,111.2,94.7,0.864,51.4,46.9,19.2,15.3,33.9,27.3,32.0,27.6,52.5,45.7,32.9,32.6,70.3,1.9,S16,7,2018,2
LSU,SEC,35,28,117.9,96.6,0.9081,51.2,49.9,17.9,20.1,36.7,30.8,37.1,33.1,52.9,49.4,31.9,33.7,71.2,7.3,S16,3,2019,2
Tennessee,SEC,36,31,122.8,95.2,0.9488,55.3,48.1,15.8,18.0,31.6,30.2,33.3,34.9,55.4,44.7,36.7,35.4,68.8,9.9,S16,2,2019,2
Gonzaga,WCC,35,27,117.4,94.5,0.9238,55.2,44.8,17.1,15.1,32.1,26.0,34.4,28.1,54.3,44.4,37.8,30.3,68.2,2.1,S16,11,2016,2
Gonzaga,WCC,37,32,117.2,94.9,0.9192,57.0,47.1,16.1,17.4,33.0,23.1,32.1,29.1,58.2,44.1,36.8,35.0,70.5,4.9,S16,4,2018,2
Virginia,ACC,37,30,114.6,89.5,0.9449,50.8,44.2,16.5,18.4,33.9,25.8,42.0,32.5,49.0,42.1,36.9,32.3,61.2,8.2,S16,1,2014,2
Iowa St.,B12,36,28,118.6,98.8,0.8903,54.2,47.7,14.5,15.9,28.8,28.5,36.4,30.7,54.4,46.0,35.8,34.1,71.6,7.5,S16,3,2014,2
Louisville,Amer,37,31,118.8,87.6,0.971,53.5,43.9,15.3,25.0,37.1,32.7,41.2,38.4,52.7,44.3,36.8,28.6,68.8,5.3,S16,4,2014,2
San Diego St.,MWC,34,29,109.4,90.7,0.896,46.7,44.4,15.2,20.6,36.1,29.4,45.1,32.4,45.1,43.5,34.2,30.8,64.0,6.0,S16,4,2014,2
UCLA,P12,37,28,119.0,96.6,0.9167,54.1,49.9,14.5,20.3,29.8,28.6,38.2,35.7,53.0,48.6,38.0,34.4,70.2,4.5,S16,4,2014,2
Baylor,B12,36,24,119.2,99.5,0.8885,51.3,48.7,17.8,15.8,40.1,32.0,44.8,32.3,48.3,46.4,38.0,35.6,62.9,3.1,S16,6,2014,2
Stanford,P12,36,23,111.7,96.5,0.8436,51.3,48.0,17.0,17.0,29.3,28.1,45.0,37.0,49.9,45.8,36.4,34.9,67.2,1.1,S16,10,2014,2
Tennessee,SEC,36,23,118.1,93.4,0.9374,49.8,46.5,16.8,16.9,39.7,27.5,41.8,31.5,50.6,44.5,31.9,34.5,63.1,0.4,S16,11,2014,2
Indiana,B10,36,29,121.0,89.7,0.9692,54.7,44.0,19.3,20.9,39.0,31.4,45.8,27.0,52.0,43.2,40.3,30.4,67.8,7.8,S16,1,2013,2
Kansas,B12,37,31,111.6,86.2,0.9514,53.3,41.5,20.3,18.4,33.8,29.3,39.5,32.0,52.9,39.3,36.4,30.3,67.7,7.5,S16,1,2013,2
Miami FL,ACC,36,29,112.4,90.8,0.9207,51.9,45.7,16.7,18.4,31.3,28.4,34.6,28.3,50.6,44.0,36.2,32.6,63.0,6.3,S16,2,2013,2
Michigan St.,B10,35,26,111.4,87.8,0.9392,50.6,44.5,20.8,19.2,36.1,27.6,36.6,32.4,50.4,44.3,34.1,30.1,64.4,6.7,S16,3,2013,2
Arizona,P12,35,27,114.4,92.2,0.9229,52.5,46.6,19.5,19.8,35.0,26.7,37.4,32.9,50.6,43.4,37.1,35.8,66.8,4.6,S16,6,2013,2
Oregon,P12,37,28,104.8,88.6,0.8728,49.3,46.4,21.4,22.0,35.8,27.2,38.4,33.3,49.1,44.9,33.3,33.4,69.2,2.9,S16,12,2013,2
La Salle,A10,34,24,112.0,96.2,0.8516,51.9,49.3,17.1,21.3,29.0,34.2,31.3,28.5,49.3,50.6,37.7,30.2,66.0,0.3,S16,13,2013,2
Florida Gulf Coast,ASun,35,24,103.4,96.3,0.6952,51.6,46.9,21.0,22.1,32.5,32.8,35.2,32.7,52.3,46.9,33.4,31.3,69.1,-4.0,S16,15,2013,2
Michigan,B10,24,20,118.1,91.1,0.9521,54.9,44.9,16.3,15.1,29.4,24.8,28.9,24.5,53.3,42.3,38.7,33.5,66.9,7.2,E8,1,2021,3
Baylor,B12,24,22,123.2,94.5,0.9548,57.5,49.1,17.6,24.6,37.5,30.9,27.0,31.7,54.1,48.1,41.8,34.0,68.8,6.6,Champions,1,2021,6
Illinois,B10,29,23,117.7,90.4,0.9539,55.6,46.6,18.2,16.1,33.0,22.2,39.2,30.5,55.3,45.4,37.6,32.7,70.7,8.9,R32,1,2021,1
Gonzaga,WCC,26,26,125.4,89.8,0.9791,61.0,47.5,16.1,20.3,30.4,23.4,36.7,25.9,64.0,46.8,36.5,32.5,74.6,8.5,2ND,1,2021,5
Iowa,B10,29,21,123.5,95.7,0.9491,54.6,48.3,13.3,16.3,30.7,28.6,32.0,22.6,52.4,45.8,38.6,34.8,70.0,5.6,R32,2,2021,1
Ohio St.,B10,30,21,122.1,97.0,0.934,53.1,48.9,15.3,15.0,29.1,27.4,37.6,33.8,52.1,47.4,36.5,34.1,66.9,6.0,R64,2,2021,0
Houston,Amer,26,24,120.6,90.9,0.9626,51.3,42.9,16.3,21.6,39.4,28.0,30.7,42.4,49.9,43.0,35.5,28.5,65.0,4.0,F4,2,2021,4
Alabama,SEC,30,24,111.0,88.1,0.9343,51.3,45.3,18.6,21.1,31.5,29.8,28.6,31.9,50.1,46.4,35.1,28.8,73.9,6.8,S16,2,2021,2
West Virginia,B12,27,18,115.9,95.3,0.9046,48.7,50.2,17.0,20.7,35.6,31.3,39.4,28.5,46.4,51.3,35.7,32.3,69.6,3.0,R32,3,2021,1
Texas,B12,26,19,113.8,93.5,0.9058,52.9,46.7,20.2,17.8,31.3,26.9,34.0,36.7,52.4,45.8,35.7,32.3,69.1,4.2,R64,3,2021,0
Kansas,B12,27,20,108.5,90.0,0.8964,49.8,47.0,17.7,20.0,30.9,26.9,30.5,26.5,49.3,45.9,33.8,32.6,68.2,4.2,R32,3,2021,1
Arkansas,SEC,28,22,110.4,91.2,0.8997,51.5,47.6,17.4,20.3,31.7,26.2,32.7,29.3,51.9,46.9,33.9,32.6,73.1,4.6,E8,3,2021,3
Florida St.,ACC,22,16,117.8,94.0,0.9305,54.4,46.5,20.1,19.6,35.4,31.4,32.7,36.3,52.1,44.2,39.0,33.3,70.4,2.5,S16,4,2021,2
Virginia,ACC,24,18,114.6,93.9,0.9079,56.1,47.9,15.4,15.2,23.1,22.6,22.0,24.6,55.3,46.1,38.1,34.0,59.9,3.4,R64,4,2021,0
Purdue,B10,27,18,112.4,92.9,0.8994,51.4,48.6,18.7,16.9,32.2,24.1,32.2,30.3,52.1,49.7,33.5,31.5,66.6,3.8,R64,4,2021,0
Oklahoma St.,B12,28,20,109.3,92.3,0.875,52.1,47.2,21.4,19.3,31.9,30.2,36.4,30.5,52.8,46.9,33.8,31.7,71.6,4.6,R32,4,2021,1
Villanova,BE,22,16,117.9,96.7,0.9076,52.8,51.8,13.5,19.0,27.9,24.8,30.0,25.8,52.8,51.0,35.2,35.4,65.1,3.2,S16,5,2021,2
Tennessee,SEC,26,18,108.8,89.2,0.9072,50.1,45.9,18.2,22.9,31.4,28.6,35.1,31.1,49.8,44.8,33.8,31.8,66.9,2.4,R64,5,2021,0
Creighton,BE,28,20,114.4,94.3,0.9025,55.7,46.9,15.8,17.8,24.8,28.2,26.9,25.7,56.3,46.1,36.7,32.1,69.1,3.5,S16,5,2021,2
Colorado,P12,30,22,113.7,93.5,0.9045,52.0,47.7,16.8,19.8,30.9,25.6,29.9,28.0,50.3,46.5,36.7,33.3,66.3,2.6,R32,5,2021,1
Texas Tech,B12,27,17,112.3,92.2,0.9057,49.7,47.9,16.2,23.8,33.8,29.7,39.3,36.4,48.7,44.8,34.7,35.1,65.7,0.9,R32,6,2021,1
BYU,WCC,25,20,112.8,93.3,0.8991,55.0,46.6,19.0,16.0,28.6,23.3,27.8,29.4,54.5,45.5,37.3,32.4,68.2,3.3,R64,6,2021,0
USC,P12,29,22,112.0,92.0,0.9052,52.1,45.4,18.1,17.4,35.7,27.3,37.5,24.8,52.1,42.2,34.8,34.2,67.2,3.6,E8,6,2021,3
San Diego St.,MWC,26,23,111.1,90.0,0.9191,52.7,46.7,16.9,22.5,29.9,24.4,34.3,32.7,50.5,44.6,37.5,32.8,66.0,2.8,R64,6,2021,0
Florida,SEC,23,14,110.6,93.4,0.8748,52.5,47.5,20.7,20.5,30.7,31.5,33.8,34.8,51.9,48.4,35.7,30.6,68.6,1.4,R32,7,2021,1
Connecticut,BE,22,15,114.6,92.8,0.9188,49.5,46.2,17.6,19.6,36.9,29.8,29.6,36.9,49.0,45.6,33.6,31.6,65.7,2.1,R64,7,2021,0
Clemson,ACC,23,16,105.9,91.9,0.8374,50.4,48.7,19.5,21.6,26.6,26.6,23.6,29.6,49.2,47.5,34.6,33.7,64.4,2.9,R64,7,2021,0
Oregon,P12,26,20,113.1,98.2,0.835,54.4,50.1,16.8,20.3,28.3,27.2,26.8,27.1,52.9,49.9,37.9,33.6,67.2,3.0,S16,7,2021,2
Oklahoma,B12,25,15,111.0,94.5,0.8642,50.8,48.9,15.8,18.7,27.3,27.5,29.1,22.8,50.8,46.3,33.8,35.4,67.6,0.3,R32,8,2021,1
North Carolina,ACC,28,18,108.8,91.6,0.8777,48.5,48.7,20.5,19.3,41.2,26.3,34.9,27.1,48.9,46.8,31.7,34.4,71.8,2.3,R64,8,2021,0
LSU,SEC,27,18,119.3,99.8,0.8868,52.8,48.5,16.1,18.4,31.5,32.8,33.9,29.1,53.0,51.3,35.0,30.0,70.4,2.4,R32,8,2021,1
Loyola Chicago,MVC,26,24,108.5,88.3,0.9136,56.3,46.7,18.5,21.6,26.0,21.0,30.7,22.4,58.0,45.5,35.7,32.5,63.9,1.7,S16,8,2021,2
St. Bonaventure,A10,20,16,111.1,92.9,0.8864,50.5,45.5,16.9,19.5,33.6,28.4,27.8,28.3,49.3,45.1,35.4,30.6,64.7,2.1,R64,9,2021,0
Missouri,SEC,25,16,111.3,95.0,0.8599,50.9,48.5,18.9,18.4,28.6,29.2,37.5,36.4,52.6,48.3,32.0,32.7,68.6,2.1,R64,9,2021,0
Wisconsin,B10,29,17,111.3,90.4,0.9163,49.4,47.9,13.5,17.8,23.7,25.1,26.9,28.5,46.3,47.1,36.0,33.0,65.0,2.2,R32,9,2021,1
Georgia Tech,ACC,25,17,113.0,94.8,0.882,53.9,52.2,15.9,22.7,24.8,29.7,29.0,28.9,54.8,50.7,34.9,36.7,67.7,1.9,R64,9,2021,0
Rutgers,B10,26,15,106.7,91.9,0.847,50.2,47.7,16.4,18.9,27.4,29.1,27.7,33.2,51.9,47.4,31.1,32.1,67.8,1.9,R32,10,2021,1
Virginia Tech,ACC,21,15,109.3,94.5,0.8426,52.5,48.4,17.3,17.6,28.4,24.3,33.2,30.9,51.7,47.6,35.7,33.0,66.5,0.9,R64,10,2021,0
Maryland,B10,28,16,110.0,93.0,0.8735,52.6,48.5,16.8,16.9,20.9,24.8,32.6,25.6,52.8,46.4,34.9,34.3,65.4,0.2,R32,10,2021,1
VCU,A10,26,19,104.6,89.7,0.854,50.9,45.8,20.6,23.5,28.3,31.3,34.0,35.4,51.7,45.9,32.9,30.5,70.0,1.3,R64,10,2021,0
Michigan St.,B10,27,15,105.8,93.5,0.8054,47.9,47.8,18.9,15.4,30.4,26.1,31.4,37.1,47.8,48.1,32.0,31.5,68.7,1.4,R68,11,2021,0
Wichita St.,Amer,19,16,109.6,98.1,0.7823,47.6,47.1,15.9,18.1,29.8,33.4,38.2,29.7,44.7,47.6,34.5,30.8,67.5,1.3,R68,11,2021,0
Syracuse,ACC,25,16,112.8,97.6,0.8402,50.7,48.5,16.0,20.8,30.1,33.5,28.1,25.1,50.9,49.3,33.7,31.6,69.4,0.5,S16,11,2021,2
UCLA,P12,26,17,112.3,97.5,0.835,52.0,50.7,16.6,17.6,30.4,24.4,32.6,28.0,50.6,49.4,36.7,35.1,64.7,1.0,F4,11,2021,4
Utah St.,MWC,27,20,105.2,90.0,0.8569,49.8,45.6,19.7,19.7,35.3,21.3,29.4,26.1,49.6,42.9,33.6,33.0,69.0,-1.1,R64,11,2021,0
Drake,MVC,27,25,111.8,101.6,0.7508,54.5,48.4,15.2,18.8,31.6,24.9,25.2,29.7,54.4,49.7,36.6,30.8,66.7,1.5,R64,11,2021,0
Georgetown,BE,25,13,108.5,93.2,0.8516,49.6,48.0,21.7,16.2,32.4,27.3,30.3,25.9,46.1,47.4,36.6,32.6,69.5,-1.0,R64,12,2021,0
Oregon St.,P12,28,17,108.5,99.6,0.7289,48.7,50.4,17.2,18.5,29.8,29.4,34.0,38.2,46.9,52.5,34.6,31.4,65.1,-1.6,E8,12,2021,3
UC Santa Barbara,BW,24,22,107.9,97.6,0.7615,53.0,47.7,16.5,20.8,28.2,24.5,35.5,28.0,53.4,46.6,34.8,33.4,65.8,-0.2,R64,12,2021,0
Winthrop,BSth,24,23,104.2,96.9,0.6975,53.0,49.0,19.5,22.5,35.6,22.2,35.7,33.8,53.0,49.2,35.3,32.4,73.8,0.9,R64,12,2021,0
Ohio,MAC,22,16,111.9,100.7,0.7715,55.8,51.1,17.0,20.0,28.7,27.4,29.6,30.2,56.4,51.6,36.6,33.7,69.3,-2.0,R32,13,2021,1
North Texas,CUSA,25,17,104.4,94.6,0.7578,54.0,45.7,20.4,21.4,27.9,26.9,27.2,31.7,52.9,44.8,37.3,31.6,63.3,-2.5,R32,13,2021,1
UNC Greensboro,SC,29,21,102.3,97.5,0.6353,48.2,48.1,15.6,21.0,32.4,25.9,23.8,36.4,50.3,48.3,30.0,31.9,68.3,-3.5,R64,13,2021,0
Liberty,ASun,24,23,109.1,101.5,0.6969,57.4,48.0,15.6,17.3,23.1,22.4,25.5,29.6,56.8,47.8,38.8,32.2,63.4,-1.7,R64,13,2021,0
Colgate,Pat,15,14,110.8,100.0,0.7641,57.1,45.7,13.8,16.6,27.9,25.6,31.1,25.1,55.4,49.5,40.2,26.1,71.9,0.3,R64,14,2021,0
Eastern Washington,BSky,22,16,107.7,101.1,0.6729,54.1,47.5,16.5,16.5,23.9,25.8,30.4,27.7,54.2,47.6,35.9,31.6,72.2,-3.6,R64,14,2021,0
Abilene Christian,Slnd,23,23,101.8,94.7,0.6977,52.9,45.4,19.4,26.7,30.6,27.9,34.0,42.5,50.8,46.3,37.7,29.1,70.0,-1.1,R32,14,2021,1
Morehead St.,OVC,28,23,99.3,96.7,0.5778,51.9,47.0,22.9,18.0,31.3,24.9,36.8,23.1,51.8,47.6,34.7,30.7,65.6,-2.0,R64,14,2021,0
Iona,MAAC,17,12,101.1,99.5,0.545,51.2,45.6,22.4,19.6,33.4,26.1,36.1,46.3,49.9,45.8,35.5,30.1,68.5,-3.2,R64,15,2021,0
Oral Roberts,Sum,23,16,107.0,107.1,0.4981,53.6,50.4,15.7,18.2,23.2,33.0,27.8,33.1,49.7,49.0,38.8,35.6,71.4,-5.1,S16,15,2021,2
Grand Canyon,WAC,20,17,102.7,96.0,0.6852,53.0,44.9,20.4,16.6,32.4,22.6,34.7,29.6,55.7,44.9,32.2,29.9,65.4,-3.2,R64,15,2021,0
Cleveland St.,Horz,26,19,99.9,100.7,0.4785,50.6,48.9,18.5,20.2,30.9,31.8,31.9,37.2,52.1,50.9,31.9,30.8,66.2,-2.7,R64,15,2021,0
Drexel,CAA,19,12,107.9,105.0,0.5768,54.3,49.6,19.6,16.4,29.4,24.3,28.5,27.2,53.5,50.4,37.2,32.1,64.4,-4.5,R64,16,2021,0
Mount St. Mary's,NEC,22,12,95.7,100.6,0.3593,48.7,45.5,20.1,16.3,31.7,24.6,29.7,24.6,47.7,45.6,33.7,30.1,62.2,-7.2,R68,16,2021,0
Hartford,AE,23,15,97.3,99.6,0.4345,50.4,47.6,19.0,20.4,24.8,28.6,28.6,25.0,51.3,50.7,32.7,28.7,66.9,-4.9,R64,16,2021,0
Norfolk St.,MEAC,21,16,99.4,104.1,0.3698,49.7,47.4,17.8,20.7,28.8,28.7,38.6,42.0,46.1,47.2,37.4,31.7,67.9,-5.0,R64,16,2021,0
Texas Southern,SWAC,23,16,97.3,103.5,0.3307,48.3,46.5,21.4,19.2,32.9,25.7,38.9,33.8,51.0,45.2,27.7,32.4,71.8,-4.5,R64,16,2021,0
Appalachian St.,SB,24,17,99.0,104.4,0.3512,47.7,50.4,17.5,20.0,27.8,30.6,33.0,24.0,46.7,50.4,32.6,33.5,65.4,-7.7,R68,16,2021,0
Gonzaga,WCC,32,28,120.3,89.9,0.9662,58.7,43.1,15.7,16.3,29.1,23.4,30.6,22.7,60.4,41.8,37.0,30.5,72.6,6.7,S16,1,2022,2
Kansas,B12,40,34,119.8,91.3,0.958,53.8,45.8,17.3,18.1,32.9,28.6,32.3,27.7,53.6,46.4,36.1,29.8,69.1,10.4,Champions,1,2022,6
Baylor,B12,34,27,117.8,91.3,0.9491,52.8,47.8,17.9,22.9,36.3,28.8,29.0,27.7,53.6,49.2,34.3,30.2,67.6,8.9,R32,1,2022,1
Arizona,P12,37,33,118.0,93.7,0.9341,55.6,44.4,18.3,17.4,34.7,28.6,34.9,24.0,57.0,41.8,35.3,32.8,72.3,8.8,S16,1,2022,2
Duke,ACC,39,32,122.7,96.0,0.944,55.6,47.1,15.0,15.7,31.7,28.9,28.6,19.1,56.0,46.6,36.6,32.0,67.4,7.2,F4,2,2022,4
Villanova,BE,38,30,117.2,93.0,0.9346,51.5,47.3,15.5,18.4,31.2,28.9,29.8,25.0,49.5,48.1,35.9,30.8,62.2,7.3,F4,2,2022,4
Kentucky,SEC,34,26,119.4,95.4,0.9295,53.1,46.9,16.7,17.5,37.7,24.9,28.0,25.4,53.5,47.3,34.7,30.8,67.8,6.9,R64,2,2022,0
Auburn,SEC,34,28,111.7,90.0,0.9228,49.9,44.1,16.7,20.0,33.7,28.9,31.6,34.2,51.3,42.8,31.8,31.0,70.0,7.4,R32,2,2022,1
Texas Tech,B12,37,27,110.5,85.4,0.9509,52.6,45.8,19.8,23.2,33.2,25.8,35.1,31.9,54.9,44.5,32.1,31.5,66.3,6.6,S16,3,2022,2
Tennessee,SEC,35,27,111.3,87.1,0.9439,50.7,46.4,17.7,22.9,32.4,27.2,29.0,31.5,48.5,46.0,35.9,31.3,67.4,8.0,R32,3,2022,1
Purdue,B10,37,29,121.6,97.5,0.9267,56.5,49.1,17.5,14.0,35.2,23.8,38.2,21.6,55.8,48.6,38.4,33.2,66.0,7.0,S16,3,2022,2
Wisconsin,B10,33,25,108.7,93.4,0.8511,47.7,49.0,13.0,17.0,25.9,24.4,32.4,27.2,48.7,49.0,30.7,32.5,66.4,6.5,R32,3,2022,1
UCLA,P12,35,27,115.8,92.2,0.9321,50.6,47.6,13.2,19.4,31.3,25.3,29.5,28.3,49.5,47.3,35.4,32.1,65.4,5.1,S16,4,2022,2
Illinois,B10,33,23,111.9,93.0,0.8943,52.5,46.0,18.1,15.5,33.1,26.6,32.0,28.2,51.4,45.2,35.9,31.9,67.1,4.2,R32,4,2022,1
Arkansas,SEC,37,28,108.7,90.7,0.8894,48.6,47.5,16.9,20.5,29.6,25.3,37.2,31.9,50.1,46.8,30.4,32.4,70.6,4.5,E8,4,2022,3
Providence,BE,33,27,111.4,95.5,0.8554,50.0,46.3,17.0,15.6,30.3,27.4,37.0,27.0,49.0,47.1,34.4,30.0,65.3,5.9,S16,4,2022,2
Houston,Amer,38,32,116.5,88.5,0.9595,53.1,43.3,16.9,21.7,37.7,28.0,29.0,34.7,54.5,43.4,33.8,28.8,63.7,6.2,E8,5,2022,3
Iowa,B10,36,26,121.1,97.2,0.9265,53.3,49.7,13.0,19.2,32.3,30.0,30.0,26.3,52.5,49.9,36.3,32.9,69.8,4.5,R64,5,2022,0
Saint Mary's,WCC,33,26,109.8,90.5,0.9024,52.7,48.3,17.0,19.2,27.4,21.7,23.3,25.1,52.5,47.0,35.5,34.3,63.7,3.9,R32,5,2022,1
Connecticut,BE,33,23,113.2,95.9,0.8709,49.6,46.0,17.3,18.0,37.9,27.6,30.5,31.7,48.0,42.6,35.2,35.3,65.0,3.1,R64,5,2022,0
Texas,B12,34,22,112.5,91.5,0.9152,50.1,47.0,17.8,23.0,31.6,29.8,32.0,39.0,50.5,46.6,33.0,31.8,63.5,3.4,R32,6,2022,1
LSU,SEC,34,22,106.3,89.6,0.8766,49.4,45.1,20.7,25.1,33.8,30.9,33.4,37.8,50.4,47.6,31.6,28.2,68.7,2.3,R64,6,2022,0
Alabama,SEC,33,19,115.2,98.3,0.8612,51.3,49.8,19.8,17.9,35.3,30.5,32.9,34.8,55.9,49.3,30.9,33.8,71.8,2.0,R64,6,2022,0
Colorado St.,MWC,30,25,111.9,98.1,0.819,54.8,50.1,15.2,18.5,21.9,25.0,29.6,25.6,55.7,51.0,35.6,32.7,65.6,4.3,R64,6,2022,0
Ohio St.,B10,32,20,115.5,98.5,0.8612,54.3,47.6,17.1,15.5,29.3,28.7,33.4,29.1,54.0,45.8,36.5,33.8,65.1,1.3,R32,7,2022,1
Michigan St.,B10,36,23,111.6,96.6,0.8405,52.0,48.1,18.8,15.3,30.7,27.1,29.9,28.3,49.6,48.5,37.8,31.6,67.6,2.9,R32,7,2022,1
Murray St.,OVC,31,31,110.0,96.2,0.8241,52.6,48.1,17.1,20.4,35.3,25.7,32.4,26.0,53.2,50.5,34.5,29.7,66.0,3.5,R32,7,2022,1
USC,P12,34,26,108.6,96.2,0.8021,51.2,44.7,17.9,14.4,33.5,26.7,30.9,26.8,50.1,42.0,35.7,33.2,66.2,4.1,R64,7,2022,0
North Carolina,ACC,39,29,114.4,93.5,0.9113,51.5,48.6,16.4,13.6,31.9,21.6,30.3,21.4,50.1,47.5,35.8,33.7,70.1,4.3,2ND,8,2022,5
San Diego St.,MWC,32,23,102.4,86.9,0.8675,48.7,44.1,19.3,21.9,29.5,27.3,31.1,31.0,46.7,43.5,35.4,30.0,65.3,2.6,R64,8,2022,0
Boise St.,MWC,34,27,107.6,92.9,0.8434,50.7,48.3,18.4,20.2,30.6,22.4,35.2,25.9,50.6,48.0,34.0,32.6,64.5,3.5,R64,8,2022,0
Seton Hall,BE,31,21,105.4,93.4,0.8,47.2,45.6,17.7,18.5,32.3,29.1,30.5,27.8,45.8,45.1,33.2,31.1,67.6,1.9,R64,8,2022,0
Memphis,Amer,33,22,112.4,92.6,0.9028,52.3,46.6,22.5,20.4,37.4,30.9,37.8,33.2,51.9,45.5,35.5,32.0,70.0,1.4,R32,9,2022,1
TCU,B12,34,21,108.6,92.1,0.8698,48.7,47.4,21.4,18.6,37.7,26.1,31.4,26.9,50.3,48.0,30.2,30.9,65.9,2.9,R32,9,2022,1
Creighton,BE,35,23,104.8,92.1,0.8151,50.6,44.9,20.4,15.5,28.4,28.5,26.7,20.8,53.3,43.6,30.8,31.7,67.0,1.7,R32,9,2022,1
Marquette,BE,32,19,107.7,96.5,0.7787,52.1,47.0,17.2,18.9,22.5,31.6,26.2,29.5,52.6,46.4,34.4,32.0,71.2,0.6,R64,9,2022,0
San Francisco,WCC,33,24,110.2,93.0,0.8748,53.1,47.1,17.9,18.4,30.0,24.0,28.5,33.0,54.4,48.7,34.3,28.9,69.0,1.6,R64,10,2022,0
Miami FL,ACC,37,26,113.6,97.9,0.8467,53.4,52.5,14.0,20.4,22.4,30.3,28.9,24.8,54.8,53.0,33.9,34.5,67.7,2.6,E8,10,2022,3
Loyola Chicago,MVC,32,25,106.9,92.3,0.8439,55.6,46.9,18.5,20.1,25.1,24.0,31.5,28.9,54.9,47.3,37.6,30.9,64.6,1.8,R64,10,2022,0
Davidson,A10,33,27,115.8,101.1,0.8258,55.6,49.5,14.8,16.7,23.6,22.4,32.5,28.0,54.2,48.9,38.5,33.6,64.6,2.1,R64,10,2022,0
Virginia Tech,ACC,36,23,115.6,95.2,0.9028,55.1,49.0,17.0,18.7,27.8,26.2,24.5,25.6,52.6,49.3,39.2,32.3,63.3,1.7,R64,11,2022,0
Michigan,B10,34,19,113.9,96.2,0.8741,52.1,49.7,17.3,14.7,31.0,24.0,29.4,25.6,52.7,50.4,33.9,32.4,66.4,0.2,S16,11,2022,2
Notre Dame,ACC,34,24,112.8,96.7,0.8542,54.0,49.0,15.6,15.1,22.1,24.7,27.3,22.2,51.9,49.6,37.9,32.0,65.4,1.9,R32,11,2022,1
Iowa St.,B12,35,22,101.7,88.4,0.8346,49.1,47.9,20.4,24.6,28.4,28.3,27.1,36.7,50.1,50.8,31.5,28.9,66.3,2.8,S16,11,2022,2
Rutgers,B10,32,18,106.6,96.3,0.7629,49.9,48.6,17.3,17.8,29.6,27.0,26.2,28.6,49.4,47.1,33.9,33.9,65.0,-0.7,R68,11,2022,0
Indiana,B10,35,21,107.7,91.6,0.8652,50.6,46.2,17.2,17.6,27.0,25.1,33.5,30.7,50.9,43.9,33.3,33.0,67.2,0.2,R64,12,2022,0
UAB,CUSA,33,27,111.8,99.1,0.8001,52.8,48.4,16.4,21.1,33.3,27.5,29.3,31.3,50.8,47.8,38.0,32.9,68.9,-0.1,R64,12,2022,0
Wyoming,MWC,33,25,107.9,97.3,0.7661,52.3,47.1,17.1,15.7,25.5,24.6,37.1,24.8,54.4,48.4,33.0,30.1,65.8,1.9,R68,12,2022,0
New Mexico St.,WAC,31,27,106.0,96.0,0.7579,51.9,45.2,20.8,16.8,32.6,25.7,34.6,28.3,53.2,45.6,33.4,29.8,66.1,0.7,R32,12,2022,1
Richmond,A10,37,24,106.9,99.1,0.7071,51.1,50.5,14.3,18.8,22.4,27.5,31.0,23.4,52.3,49.9,33.0,34.3,66.7,-1.6,R32,12,2022,1
Vermont,AE,33,28,109.7,97.3,0.7984,57.1,47.7,14.7,16.8,23.7,18.7,26.7,23.3,58.6,45.3,36.8,34.4,64.8,-0.8,R64,13,2022,0
Chattanooga,SC,33,27,107.3,97.3,0.7557,52.2,49.4,17.0,18.1,32.7,26.2,26.8,27.8,53.0,52.1,33.9,30.3,64.6,0.2,R64,13,2022,0
South Dakota St.,Sum,33,30,114.1,103.5,0.7542,59.2,51.4,15.3,15.8,23.7,24.3,34.6,21.3,55.9,50.3,43.7,35.2,69.6,1.5,R64,13,2022,0
Akron,MAC,32,24,105.5,101.7,0.6041,52.5,49.1,17.7,17.5,29.0,26.4,39.3,26.1,52.2,47.4,35.3,34.8,61.9,-4.3,R64,13,2022,0
Colgate,Pat,34,23,107.0,103.2,0.6026,55.6,48.9,16.9,16.0,26.6,25.1,26.3,24.1,52.1,48.0,40.4,33.7,67.0,-6.1,R64,14,2022,0
Longwood,BSth,29,26,105.7,103.7,0.5541,51.5,51.4,18.4,20.0,33.2,24.5,35.4,26.5,47.9,53.9,38.4,32.1,65.8,-2.3,R64,14,2022,0
Yale,Ivy,30,19,99.4,97.9,0.5449,49.7,48.9,18.3,18.2,25.6,26.7,32.2,32.1,50.1,51.2,32.6,30.5,68.9,-4.9,R64,14,2022,0
Montana St.,BSky,33,27,103.6,102.5,0.5308,53.9,49.4,18.7,18.2,26.7,23.5,40.1,36.1,52.9,48.9,37.0,33.6,67.1,-2.8,R64,14,2022,0
Saint Peter's,MAAC,33,22,99.4,93.1,0.6786,47.5,44.2,20.1,20.5,30.9,29.0,37.4,41.2,45.6,44.5,34.6,29.2,65.6,-5.6,E8,15,2022,3
Delaware,CAA,34,22,106.5,103.2,0.5908,53.4,49.6,18.3,18.5,26.7,31.3,34.5,29.1,54.4,47.7,34.5,35.4,66.6,-5.5,R64,15,2022,0
Jacksonville St.,ASun,30,21,104.5,102.2,0.5638,53.6,48.1,19.7,17.1,28.2,27.0,32.1,21.6,51.0,47.5,38.0,32.7,65.1,-5.2,R64,15,2022,0
Cal St. Fullerton,BW,30,21,102.0,103.1,0.4675,48.9,51.1,17.9,20.2,29.1,28.2,34.8,25.7,48.4,48.4,33.4,37.3,66.0,-5.0,R64,15,2022,0
Georgia St.,SB,26,18,101.9,98.4,0.5983,44.7,50.0,16.6,22.1,32.5,31.0,30.4,33.2,42.5,46.2,32.4,37.5,67.3,-5.1,R64,16,2022,0
Bryant,NEC,31,22,102.9,104.1,0.4651,49.6,47.6,19.0,16.6,32.8,31.7,32.7,25.2,52.8,47.0,30.3,32.5,72.3,-4.8,R68,16,2022,0
Wright St.,Horz,35,22,104.8,106.2,0.4613,51.7,51.4,17.7,18.5,31.0,30.1,31.6,26.1,52.5,51.9,33.4,33.8,68.8,-8.4,R64,16,2022,0
Texas Southern,SWAC,32,19,96.3,98.5,0.4356,48.2,45.3,21.4,17.3,33.0,28.0,33.6,33.4,48.6,45.1,31.4,30.4,68.1,-6.8,R64,16,2022,0
Norfolk St.,MEAC,28,24,100.7,103.0,0.4342,50.9,45.8,20.1,18.4,30.1,27.8,38.3,33.5,50.8,47.1,34.0,29.5,67.0,-3.1,R64,16,2022,0
Texas A&M Corpus Chris,Slnd,31,23,96.4,102.8,0.3223,47.2,49.0,19.7,22.6,34.0,28.8,38.0,42.3,46.9,50.3,31.8,31.5,69.2,-7.6,R68,16,2022,0
Kansas,B12,36,28,113.8,92.3,0.9177,52.6,47.0,17.5,20.2,28.7,28.7,29.8,31.1,53.0,47.2,34.7,31.0,69.0,10.1,R32,1,2023,1
Purdue,B10,35,29,117.9,93.7,0.9333,51.8,47.2,17.2,15.4,38.4,23.5,37.2,19.2,54.1,47.2,32.2,31.3,63.9,9.4,R64,1,2023,0
Alabama,SEC,37,31,116.1,89.0,0.9548,52.1,41.3,18.7,15.8,34.2,27.9,36.6,32.6,53.8,40.8,33.5,28.3,72.6,10.2,S16,1,2023,2
Houston,Amer,37,33,117.3,90.3,0.9532,52.3,42.7,15.4,21.1,37.1,27.7,28.9,35.7,53.1,43.4,34.0,27.9,63.4,8.0,S16,1,2023,2
Texas,B12,38,29,116.1,91.8,0.9371,53.3,48.1,16.3,22.1,28.3,29.0,30.5,33.7,54.0,47.9,34.7,32.4,68.5,7.5,E8,2,2023,3
Marquette,BE,36,29,118.7,96.0,0.9197,56.0,51.0,15.3,22.5,26.2,31.7,27.0,29.1,58.2,50.3,35.3,34.7,68.4,7.8,R32,2,2023,1
Arizona,P12,35,28,119.4,95.4,0.9292,56.5,47.1,18.4,16.9,30.7,26.1,35.8,25.5,56.4,46.2,37.8,32.3,72.2,7.6,R64,2,2023,0
UCLA,P12,37,31,114.9,88.5,0.9528,51.1,46.8,14.9,23.3,33.0,28.2,27.4,27.5,50.6,46.9,34.9,31.1,66.1,8.4,S16,2,2023,2
Kansas St.,B12,36,26,112.6,94.7,0.8803,52.3,48.1,19.3,21.0,29.9,30.3,36.1,36.3,52.8,49.2,34.3,30.8,69.8,4.2,E8,3,2023,3
Gonzaga,WCC,36,31,123.2,99.0,0.9251,57.6,51.4,14.8,17.8,31.2,25.6,34.1,26.0,58.2,50.6,37.5,35.2,70.1,6.6,E8,3,2023,3
Baylor,B12,34,23,121.7,100.6,0.8991,53.2,51.6,17.9,19.9,34.4,30.9,36.8,31.3,51.6,53.3,36.8,32.5,66.9,5.2,R32,3,2023,1
Xavier,BE,37,27,118.0,98.5,0.889,55.2,50.3,17.2,16.2,30.8,25.0,31.4,27.0,53.8,48.6,39.0,35.8,70.5,5.4,S16,3,2023,2
Connecticut,BE,39,31,121.5,91.2,0.9643,53.9,44.4,18.9,18.5,38.5,26.1,30.8,37.8,53.6,44.4,36.3,29.7,66.7,5.0,Champions,4,2023,6
Indiana,B10,35,23,113.1,96.9,0.8557,53.5,47.2,16.8,16.3,28.1,29.0,29.5,29.8,53.0,45.4,36.8,33.4,67.9,3.4,R32,4,2023,1
Virginia,ACC,33,25,110.0,94.0,0.8591,51.2,48.3,13.6,19.5,25.6,24.9,34.7,26.3,50.4,46.4,35.0,34.1,61.3,4.1,R64,4,2023,0
Tennessee,SEC,36,25,111.2,87.5,0.9401,49.9,42.8,18.1,22.2,36.4,26.9,30.7,33.8,50.3,45.1,32.8,26.5,65.1,2.8,S16,4,2023,2
San Diego St.,MWC,38,32,110.8,89.5,0.9205,49.3,46.5,17.3,19.1,31.6,26.1,33.2,30.2,48.4,49.3,34.0,28.3,65.7,5.7,2ND,5,2023,5
Miami FL,ACC,37,29,119.1,100.9,0.8715,54.3,51.2,16.1,18.1,31.8,28.8,30.7,24.0,53.8,51.8,36.8,33.5,68.6,3.7,F4,5,2023,4
Saint Mary's,WCC,34,27,112.1,90.5,0.9213,52.0,47.1,16.4,19.2,32.6,21.9,32.0,29.9,50.8,45.7,36.1,33.3,61.9,3.4,R32,5,2023,1
Duke,ACC,36,27,113.3,92.9,0.9072,51.1,46.0,18.3,16.5,35.9,26.1,29.9,23.7,51.5,46.2,33.5,30.5,64.9,4.5,R32,5,2023,1
Creighton,BE,37,24,115.0,93.2,0.9177,54.2,47.1,16.6,13.9,25.3,23.5,28.4,19.7,55.1,45.7,35.4,33.6,67.7,2.2,E8,6,2023,3
Kentucky,SEC,34,22,115.7,97.7,0.8738,50.6,48.6,17.4,16.6,39.2,25.0,31.9,29.9,50.0,48.6,34.7,32.4,65.8,1.6,R32,6,2023,1
TCU,B12,35,22,111.7,94.6,0.8704,50.0,48.1,16.7,21.6,32.2,30.5,34.1,30.1,51.5,49.2,31.0,30.8,69.7,2.2,R32,6,2023,1
Iowa St.,B12,33,19,107.0,90.9,0.8678,49.9,49.9,19.6,25.0,33.9,26.5,27.9,40.8,50.0,49.2,33.1,33.7,64.0,2.4,R64,6,2023,0
Northwestern,B10,34,22,109.7,93.4,0.8642,47.3,48.4,14.7,21.3,28.6,27.7,29.7,31.6,46.7,46.8,32.1,33.8,64.5,1.6,R32,7,2023,1
Missouri,SEC,35,25,117.5,104.5,0.7939,55.0,52.3,15.8,24.0,26.3,37.2,29.1,34.2,55.8,52.2,36.0,35.0,68.9,3.5,R32,7,2023,1
Texas A&M,SEC,35,25,113.8,95.7,0.8808,48.8,48.2,18.3,20.9,36.7,30.4,45.1,34.7,48.8,47.2,32.6,33.0,66.0,3.7,R64,7,2023,0
Michigan St.,B10,34,21,114.4,96.4,0.8771,51.7,48.6,16.4,14.8,27.6,25.2,27.2,28.0,48.2,48.7,39.3,32.4,64.6,2.4,S16,7,2023,2
Maryland,B10,35,22,112.6,95.8,0.8658,50.8,47.7,16.5,18.4,30.0,28.1,34.3,28.4,51.8,47.4,32.8,32.3,64.3,1.0,R32,8,2023,1
Iowa,B10,33,19,119.9,103.9,0.8385,51.7,53.3,14.0,18.2,32.1,27.4,32.3,23.8,52.1,52.5,34.0,36.6,69.6,0.3,R64,8,2023,0
Memphis,Amer,35,26,115.4,95.0,0.903,53.0,46.7,18.3,20.8,31.2,32.7,35.4,34.4,53.1,47.1,35.3,30.8,71.0,4.7,R64,8,2023,0
Arkansas,SEC,36,22,111.9,93.3,0.8894,50.9,47.2,18.1,20.5,30.8,27.9,39.3,39.5,52.5,47.4,31.3,31.1,69.5,0.4,S16,8,2023,2
Florida Atlantic,CUSA,37,35,114.0,95.8,0.8815,54.3,46.1,16.9,17.7,31.4,25.4,29.6,26.3,53.8,44.7,36.6,32.4,67.5,4.7,F4,9,2023,4
Auburn,SEC,34,21,113.1,94.9,0.8829,49.5,45.7,17.7,18.9,32.8,32.4,36.3,38.9,50.7,47.0,31.5,28.8,67.6,1.1,R32,9,2023,1
West Virginia,B12,34,19,117.2,97.5,0.8933,51.5,50.9,18.5,20.9,34.0,29.3,39.4,38.7,50.9,50.8,35.0,34.0,68.4,1.5,R64,9,2023,0
Illinois,B10,33,20,108.9,95.4,0.8216,51.4,46.7,18.4,18.5,31.6,26.7,34.3,30.1,55.1,45.1,30.8,33.4,69.8,0.9,R64,9,2023,0
Penn St.,B10,37,23,117.5,100.7,0.8547,55.4,49.1,13.7,13.1,19.2,25.6,21.3,25.5,53.1,49.2,38.7,32.7,64.3,1.3,R32,10,2023,1
USC,P12,33,22,111.8,97.4,0.8298,51.2,45.4,18.1,17.9,28.8,32.7,33.2,30.2,51.0,42.7,34.5,33.4,68.0,2.1,R64,10,2023,0
Boise St.,MWC,33,24,110.1,95.6,0.8361,51.6,47.5,16.6,17.5,27.2,24.0,30.3,27.6,50.6,48.0,35.6,31.2,66.3,2.1,R64,10,2023,0
Utah St.,MWC,34,26,115.4,98.0,0.867,55.5,48.1,17.6,15.8,27.4,24.5,34.9,30.3,54.5,46.2,37.9,34.5,68.6,2.9,R64,10,2023,0
Pittsburgh,ACC,36,24,113.1,101.6,0.7743,52.5,48.5,16.3,16.6,29.5,28.6,32.9,30.4,51.4,48.2,36.0,32.6,67.2,-0.3,R32,11,2023,1
Providence,BE,33,21,114.9,101.2,0.8128,51.1,49.7,16.8,16.9,34.7,27.3,36.3,25.4,50.8,49.2,34.6,33.8,66.8,1.3,R64,11,2023,0
North Carolina St.,ACC,34,23,113.6,99.2,0.8272,51.5,49.8,13.5,18.8,30.4,26.2,25.3,34.0,51.1,50.9,34.7,31.6,69.2,1.1,R64,11,2023,0
Arizona St.,P12,36,23,108.4,95.0,0.8207,48.4,46.5,16.8,20.1,29.2,31.5,31.2,33.5,48.5,43.6,32.2,34.1,68.1,1.2,R64,11,2023,0
Mississippi St.,SEC,34,21,103.4,91.8,0.7985,46.7,46.2,19.4,21.7,35.5,28.6,33.8,27.6,50.4,45.8,26.6,31.1,63.6,0.4,R68,11,2023,0
Nevada,MWC,32,22,109.7,99.5,0.7542,50.7,49.8,15.3,18.5,22.8,24.9,39.1,31.8,50.2,50.0,34.4,33.0,65.9,0.7,R68,11,2023,0
Drake,MVC,34,27,108.8,95.6,0.8155,52.9,46.9,15.5,17.5,23.8,22.4,28.4,27.4,51.9,46.9,36.4,31.3,66.3,-0.7,R64,12,2023,0
VCU,A10,35,27,105.5,93.4,0.8026,52.0,46.9,19.6,23.9,28.9,30.0,41.6,31.1,51.9,46.4,34.8,31.9,67.9,1.0,R64,12,2023,0
Oral Roberts,Sum,31,30,111.8,101.6,0.7487,55.4,48.6,13.3,17.4,24.5,27.7,24.2,21.7,55.9,46.8,36.5,34.3,70.2,1.6,R64,12,2023,0
College of Charleston,CAA,34,31,109.4,97.7,0.7865,51.1,47.9,16.7,19.3,34.6,25.4,32.7,24.9,52.5,49.1,33.0,30.1,71.0,1.7,R64,12,2023,0
Furman,SC,33,28,112.7,104.8,0.6984,55.0,50.7,15.7,18.2,28.9,27.3,34.8,31.9,58.3,51.5,34.1,32.7,68.2,-2.0,R32,13,2023,1
Louisiana Lafayette,SB,31,26,110.8,101.6,0.7299,52.8,50.5,17.7,18.4,33.3,26.3,37.0,34.2,51.9,49.3,36.5,35.6,68.4,-0.5,R64,13,2023,0
Iona,MAAC,35,27,110.3,98.3,0.7909,51.6,46.3,15.1,20.7,31.6,30.8,29.0,30.9,50.4,47.1,36.2,29.7,68.5,-1.7,R64,13,2023,0
Kent St.,MAC,33,28,107.0,97.0,0.756,50.8,47.3,16.3,22.3,31.3,30.2,31.5,38.1,51.4,47.9,33.2,31.0,67.8,0.8,R64,13,2023,0
Grand Canyon,WAC,33,24,111.3,106.0,0.6388,52.8,47.5,18.1,15.1,30.2,30.4,36.9,33.2,50.4,47.1,37.6,32.3,64.9,-3.8,R64,14,2023,0
Montana St.,BSky,33,25,105.1,98.2,0.6871,51.0,49.8,17.8,20.1,25.7,25.4,44.0,35.1,52.6,48.8,31.8,34.6,66.3,-2.7,R64,14,2023,0
Kennesaw St.,ASun,32,26,105.6,100.3,0.6428,52.7,51.1,17.8,19.5,27.3,25.4,35.9,36.8,51.2,50.6,36.8,34.5,68.4,-1.4,R64,14,2023,0
UC Santa Barbara,BW,33,27,110.0,105.7,0.6126,54.1,50.1,17.0,18.5,26.3,26.1,34.4,29.2,54.8,49.3,34.8,34.6,64.4,-1.5,R64,14,2023,0
Vermont,AE,33,23,109.7,102.5,0.6873,54.8,51.0,14.3,16.6,19.2,22.3,28.1,26.9,55.4,50.1,36.0,35.1,64.5,-3.8,R64,15,2023,0
Colgate,Pat,34,26,112.5,106.1,0.6607,58.2,52.2,15.0,17.6,25.0,24.5,27.3,20.2,56.9,51.5,40.5,35.6,67.5,-3.7,R64,15,2023,0
UNC Asheville,BSth,33,27,102.3,103.5,0.4657,53.6,48.3,20.1,17.8,25.7,29.1,40.9,26.8,51.1,49.5,38.6,30.6,68.2,-1.9,R64,15,2023,0
Princeton,Ivy,30,23,109.1,101.0,0.7083,52.2,48.4,16.5,14.7,28.1,22.6,30.4,28.1,53.3,48.1,33.7,32.7,67.0,-3.2,S16,15,2023,2
Fairleigh Dickinson,NEC,35,21,106.1,114.7,0.2909,51.3,54.7,16.3,21.1,30.9,29.3,28.0,33.9,51.1,55.8,34.3,35.3,68.6,-12.2,R32,16,2023,1
Northern Kentucky,Horz,33,22,102.6,101.4,0.5349,49.1,51.3,17.3,23.3,31.6,33.0,26.9,30.5,47.4,49.3,34.3,36.4,61.9,-6.7,R64,16,2023,0
Howard,MEAC,32,22,102.7,106.3,0.4031,51.8,50.9,22.8,20.6,33.7,31.9,32.2,33.9,49.8,51.1,36.9,33.8,69.0,-7.3,R64,16,2023,0
Texas A&M Corpus Chris,Slnd,31,24,105.8,107.4,0.4566,50.5,52.6,17.7,20.4,32.8,27.8,34.8,38.2,48.3,54.1,36.4,33.8,68.9,-6.0,R64,16,2023,0
Texas Southern,SWAC,33,14,95.4,105.4,0.2394,46.1,49.6,20.3,18.5,29.2,27.5,34.3,38.8,47.7,48.9,28.0,33.9,69.2,-13.5,R68,16,2023,0
Southeast Missouri St.,OVC,34,19,99.4,107.8,0.2823,50.1,51.3,17.3,19.0,25.0,28.3,38.2,44.1,50.3,50.7,33.2,35.0,72.0,-11.7,R68,16,2023,0
Houston,B12,34,30,119.2,85.5,0.9785,49.7,44.0,13.7,24.7,36.9,30.2,29.9,39.0,48.4,43.4,34.7,30.0,63.3,10.6,S16,1,2024,2
Connecticut,BE,34,31,127.1,93.6,0.9712,57.1,45.1,14.9,16.2,36.5,26.8,33.3,32.5,58.5,43.7,36.7,31.9,64.6,11.3,Champions,1,2024,6
Purdue,B10,33,29,126.2,94.7,0.9644,56.0,47.7,16.5,14.0,37.4,24.7,42.8,23.0,53.2,48.1,40.8,31.4,67.6,11.0,2ND,1,2024,5
North Carolina,ACC,34,27,116.8,93.2,0.9305,51.3,46.4,14.4,14.9,32.8,23.5,36.8,28.3,50.3,46.0,35.4,31.4,70.4,6.6,S16,1,2024,2
Iowa St.,B12,34,27,113.6,86.5,0.9583,51.9,47.1,15.7,25.7,31.6,29.4,36.1,35.2,51.7,46.9,34.9,31.5,67.6,6.9,S16,2,2024,2
Arizona,P12,33,25,121.5,93.6,0.9526,55.0,48.7,16.1,18.1,36.3,23.1,36.7,25.7,54.6,47.8,37.1,33.4,72.0,4.9,S16,2,2024,2
Tennessee,SEC,32,24,115.6,91.2,0.9382,51.5,45.4,14.6,18.9,32.4,28.6,34.3,35.8,51.6,44.3,34.2,31.4,69.2,5.8,E8,2,2024,3
Marquette,BE,34,25,118.9,94.6,0.9328,55.1,49.7,14.3,21.1,26.0,30.8,25.6,28.2,56.0,49.2,35.8,33.6,69.1,6.5,S16,2,2024,2
Creighton,BE,32,23,120.6,96.5,0.9289,57.5,46.4,15.3,11.2,25.9,24.6,24.5,16.2,60.6,45.7,36.1,32.2,66.9,4.4,S16,3,2024,2
Illinois,B10,34,26,125.3,101.1,0.9221,53.8,48.0,15.1,12.3,36.2,26.1,37.8,27.1,54.7,46.6,34.9,34.3,69.9,6.0,E8,3,2024,3
Baylor,B12,32,23,122.2,99.9,0.9103,55.6,51.3,17.7,17.1,35.1,27.1,40.5,30.9,53.4,51.9,39.4,33.5,65.7,5.1,R32,3,2024,1
Kentucky,SEC,32,23,123.0,102.2,0.8934,57.4,49.5,14.2,16.0,28.9,30.2,30.4,33.4,54.7,49.8,41.2,32.6,72.5,2.9,R64,3,2024,0
Auburn,SEC,34,27,120.7,92.1,0.9573,54.1,43.4,14.9,18.2,32.9,30.3,38.2,41.0,54.9,42.8,35.2,29.8,69.8,5.5,R64,4,2024,0
Duke,ACC,32,24,120.8,96.8,0.9272,55.2,49.0,14.3,16.9,31.8,25.9,33.8,27.6,54.4,49.1,37.7,32.6,66.9,3.3,E8,4,2024,3
Alabama,SEC,32,21,125.2,102.1,0.9126,56.3,49.9,16.0,15.6,34.9,29.9,35.2,39.6,57.6,51.1,36.5,31.9,72.5,3.4,F4,4,2024,4
Kansas,B12,31,22,113.5,92.7,0.9111,53.4,47.6,16.4,16.8,25.3,26.4,32.8,28.5,54.8,45.3,33.3,33.8,68.9,4.3,R32,4,2024,1
Saint Mary's,WCC,32,26,115.8,93.7,0.9198,53.1,45.1,16.0,16.7,39.0,22.4,28.3,32.2,53.0,43.6,35.5,32.4,62.1,1.4,R64,5,2024,0
Gonzaga,WCC,31,25,121.3,98.6,0.9151,56.7,47.3,14.0,16.5,33.3,27.2,31.5,25.8,58.3,45.1,35.5,34.0,69.1,2.5,S16,5,2024,2
Wisconsin,B10,35,22,119.8,98.8,0.9018,52.4,52.2,14.6,16.9,30.5,24.5,33.5,33.2,52.6,50.4,34.8,37.1,65.0,3.3,R64,5,2024,0
San Diego St.,MWC,32,24,111.5,93.9,0.8789,49.8,47.2,16.0,18.0,32.7,28.0,37.5,33.3,51.6,48.3,31.3,30.5,66.1,2.6,S16,5,2024,2
BYU,B12,33,23,120.6,99.0,0.9067,55.1,48.0,15.2,16.0,32.8,24.7,25.3,32.1,58.0,48.2,34.8,31.8,69.0,2.9,R64,6,2024,0
Texas Tech,B12,33,23,117.5,98.4,0.8846,52.8,49.1,16.5,17.0,30.2,30.3,34.6,26.6,51.5,49.6,36.5,32.1,66.4,3.4,R64,6,2024,0
Clemson,ACC,32,21,116.7,99.3,0.8647,53.9,48.7,14.9,13.6,27.7,25.2,30.6,31.2,54.4,47.1,35.4,34.0,66.2,0.9,E8,6,2024,3
South Carolina,SEC,33,26,114.4,98.9,0.842,50.8,48.0,15.5,14.9,33.1,28.0,31.8,30.8,51.1,46.8,33.5,33.6,63.0,4.7,R64,6,2024,0
Texas,B12,32,20,119.0,98.3,0.9006,53.7,49.0,16.6,18.6,30.5,30.0,30.4,35.0,53.4,47.4,36.1,34.8,67.2,1.2,R32,7,2024,1
Florida,SEC,35,24,119.7,99.3,0.8951,51.5,48.8,15.8,14.5,37.5,28.9,38.6,34.2,51.7,49.0,34.2,32.2,71.6,3.0,R64,7,2024,0
Washington St.,P12,33,24,112.8,96.6,0.8556,52.1,47.3,16.1,15.9,32.9,24.9,31.7,32.7,52.6,46.9,34.0,32.0,64.9,1.9,R32,7,2024,1
Dayton,A10,31,24,117.4,100.7,0.8547,56.6,47.9,15.8,15.7,26.9,29.0,37.2,21.8,53.7,48.2,40.2,31.7,64.0,2.6,R32,7,2024,1
Nebraska,B10,33,23,115.7,95.6,0.8999,53.2,46.3,15.9,16.4,27.8,30.0,32.4,27.7,52.8,45.2,35.8,31.9,68.7,2.4,R64,8,2024,0
Mississippi St.,SEC,34,21,112.6,94.9,0.8772,51.7,47.7,18.7,18.2,35.4,27.6,37.9,32.4,53.4,50.2,32.5,29.4,67.2,0.8,R64,8,2024,0
Florida Atlantic,Amer,33,25,117.3,103.0,0.817,55.0,49.7,15.8,16.5,33.8,29.2,34.8,27.5,56.0,49.3,35.6,33.6,67.9,1.2,R64,8,2024,0
Utah St.,MWC,31,27,114.1,100.4,0.8144,54.1,49.6,15.7,16.4,28.5,25.4,40.0,30.4,57.1,53.1,32.1,29.0,68.5,3.3,R32,8,2024,1
Michigan St.,B10,33,19,112.7,93.3,0.8983,51.5,48.0,14.7,18.7,29.9,28.7,29.9,32.6,50.5,47.1,35.9,32.8,65.3,0.21,R32,9,2024,1
Northwestern,B10,32,21,117.2,99.2,0.8717,53.2,51.6,13.3,18.8,25.7,28.2,29.9,39.4,49.7,50.3,39.4,35.9,63.7,1.5,R32,9,2024,1
TCU,B12,33,21,114.5,97.1,0.869,51.9,50.3,17.9,20.8,35.5,28.6,35.1,35.7,51.2,50.9,35.6,32.8,69.9,1.3,R64,9,2024,0
Texas A&M,SEC,34,20,115.0,98.9,0.8499,45.4,50.1,14.2,16.9,41.9,28.0,38.2,31.2,47.0,49.5,28.4,33.9,65.6,0.25,R32,9,2024,1
Colorado,P12,34,24,117.2,98.0,0.8866,55.3,49.3,18.1,15.2,32.4,24.0,35.3,28.1,53.6,50.1,39.4,31.9,67.7,1.7,R32,10,2024,1
Nevada,MWC,32,26,115.1,98.0,0.8632,53.3,48.2,15.0,17.3,27.5,27.2,46.2,34.3,52.6,49.1,36.5,31.3,66.8,2.7,R64,10,2024,0
Boise St.,MWC,30,22,114.0,97.8,0.8538,51.6,49.8,16.5,16.8,32.5,23.1,36.1,33.1,51.2,52.1,34.8,30.6,66.6,0.9,R68,10,2024,0
Colorado St.,MWC,32,24,113.8,98.1,0.846,54.6,49.3,14.8,16.9,24.3,27.5,32.6,31.8,57.6,48.5,33.2,34.0,65.8,1.5,R64,10,2024,0
Drake,MVC,33,28,114.8,100.2,0.8283,54.9,51.0,13.9,17.4,24.2,22.1,32.6,31.0,55.1,51.9,36.5,33.0,67.8,1.7,R64,10,2024,0
Virginia,ACC,33,23,104.6,92.0,0.8147,49.3,46.2,13.2,19.3,26.0,28.1,25.1,25.7,46.8,46.6,36.3,30.4,60.0,1.2,R68,10,2024,0
New Mexico,MWC,34,26,114.8,95.5,0.8927,51.0,48.0,13.9,19.5,33.4,27.0,33.1,33.5,51.4,49.2,33.4,30.6,72.8,1.7,R64,11,2024,0
Oregon,P12,34,23,113.3,99.6,0.8149,51.8,51.5,14.8,17.9,28.7,27.1,32.3,32.8,52.7,51.6,33.6,34.3,67.1,1.4,R32,11,2024,1
North Carolina St.,ACC,36,22,114.0,101.2,0.7981,50.7,50.5,13.7,17.9,28.6,29.3,32.5,31.9,50.1,49.5,34.6,34.9,67.9,-0.6,F4,11,2024,4
Duquesne,A10,34,24,106.3,96.1,0.7612,50.1,48.0,17.5,19.5,29.9,30.0,33.1,35.3,49.6,48.4,33.9,31.7,66.3,-1.8,R32,11,2024,1
James Madison,SB,33,31,112.0,100.4,0.778,54.4,46.7,14.7,19.8,32.0,27.6,34.2,35.1,54.2,48.8,36.5,28.6,69.8,1.5,R32,12,2024,1
Grand Canyon,WAC,32,29,111.1,99.8,0.7733,52.0,45.9,17.8,19.9,34.6,29.6,45.3,34.8,52.3,44.4,34.4,32.6,68.0,1.3,R32,12,2024,1
McNeese St.,Slnd,29,30,111.3,101.0,0.7524,54.9,47.8,14.2,23.0,32.1,30.4,40.6,33.9,52.8,46.3,39.4,33.0,65.3,0.7,R64,12,2024,0
UAB,Amer,33,23,112.7,106.3,0.6634,50.1,51.0,16.7,16.1,35.3,31.0,40.5,31.4,50.4,50.2,33.1,35.0,67.7,-2.7,R64,12,2024,0
Yale,Ivy,29,22,109.8,100.1,0.7437,52.3,49.7,14.1,16.0,28.4,24.0,26.9,29.0,52.5,48.8,34.6,34.0,64.6,-2.5,R32,13,2024,1
Samford,SC,32,29,111.7,102.4,0.7315,56.9,50.0,18.1,21.7,30.2,32.0,36.4,37.0,55.5,49.5,39.3,33.9,72.6,0.07,R64,13,2024,0
College of Charleston,CAA,33,27,113.3,105.2,0.7019,52.4,50.6,14.3,16.4,33.5,26.6,26.9,28.3,52.6,50.5,34.8,33.8,70.0,-1.6,R64,13,2024,0
Vermont,AE,32,28,104.5,98.7,0.6593,51.8,46.7,13.8,15.1,22.4,23.3,29.7,25.9,53.1,46.4,33.5,31.5,63.3,-1.2,R64,13,2024,0
Akron,MAC,32,24,105.0,101.6,0.5953,52.0,48.6,17.2,16.6,29.5,25.6,33.6,29.0,54.8,50.7,32.0,30.0,65.7,-4.5,R64,14,2024,0
Morehead St.,OVC,30,26,106.7,103.4,0.5889,54.4,45.7,18.5,15.5,32.0,26.4,31.3,32.7,55.6,45.4,35.3,31.1,64.3,-3.4,R64,14,2024,0
Oakland,Horz,34,23,107.8,104.6,0.5853,52.1,50.6,16.2,16.3,30.6,28.6,30.9,26.8,51.8,50.5,35.1,33.9,66.8,-4.2,R32,14,2024,1
Colgate,Pat,33,25,102.3,101.8,0.5128,53.4,47.2,16.3,16.1,25.0,24.5,27.6,24.5,53.3,48.7,35.7,29.9,66.2,-4.1,R64,14,2024,0
Western Kentucky,CUSA,30,22,105.2,101.8,0.5938,51.9,48.3,18.3,18.6,28.5,26.7,32.9,33.4,52.1,48.3,34.4,32.2,75.1,-6.6,R64,15,2024,0
South Dakota St.,Sum,31,22,107.6,104.4,0.5836,55.3,50.8,16.4,16.5,24.4,25.3,30.4,27.4,55.9,49.0,36.2,35.2,67.9,-7.4,R64,15,2024,0
Long Beach St.,BW,33,21,105.4,108.0,0.4313,48.9,51.2,17.1,18.5,33.3,29.6,38.1,32.6,49.7,50.0,31.3,35.1,71.4,-8.0,R64,15,2024,0
Saint Peter's,MAAC,31,19,96.8,100.2,0.4038,45.0,46.6,19.6,20.3,35.1,29.4,38.1,42.3,42.4,46.4,33.9,31.5,64.0,-8.8,R64,15,2024,0
Longwood,BSth,31,21,104.0,104.8,0.4768,49.4,51.3,18.0,19.6,36.7,25.5,39.5,36.1,48.6,50.9,34.2,34.6,66.8,-8.6,R64,16,2024,0
Montana St.,BSky,31,17,102.9,105.8,0.4193,53.9,52.3,16.8,18.6,20.7,28.6,30.7,37.0,53.4,54.1,36.4,32.6,68.5,-12.6,R68,16,2024,0
Stetson,ASun,31,22,108.3,114.0,0.3559,53.4,52.0,15.8,13.5,27.5,31.2,31.7,25.9,52.5,52.2,36.5,34.5,66.0,-6.8,R64,16,2024,0
Howard,MEAC,32,18,104.5,112.9,0.2913,52.0,50.9,21.4,16.7,33.4,30.7,42.2,39.1,49.2,50.8,37.5,34.0,67.7,-12.1,R68,16,2024,0
Grambling St.,SWAC,31,20,97.7,106.0,0.2805,48.2,49.1,20.5,19.0,28.1,32.7,39.6,33.9,47.0,48.4,34.1,33.7,64.9,-8.0,R64,16,2024,0
Wagner,NEC,29,16,95.0,105.0,0.2399,44.6,48.4,15.9,17.0,29.5,27.0,26.8,29.9,42.8,50.9,31.6,29.9,61.3,-11.7,R64,16,2024,0
